<?xml version="1.0" encoding="UTF-8"?>
<!DOCTYPE beans PUBLIC "-//SPRING//DTD BEAN//EN"
    "http://www.springframework.org/dtd/spring-beans.dtd">
<beans>
	<bean id="beanNameUrlMapping" class="org.springframework.web.servlet.handler.BeanNameUrlHandlerMapping">
	</bean>
	
	<bean name="/getContentTypeInfos.qsp" class="com.quark.qpp.web.extension.ContentInfoController">
		<property name="contentStructureService" ref="contentStructureService" />
	</bean>
    
    <bean name="/getContentAssets.qsp" class="com.quark.qpp.web.extension.AssetInfoController">
		<property name="assetService" ref="assetService" />
		<property name="queryService" ref="queryService" />
	</bean>
	
	<bean id="sessionValidator"
		class="com.quark.qpp.web.webeditor.controller.SessionValidator">
		<property name="customLoginUrl">
			<value></value>
		</property>
	</bean>
</beans>