<?xml version="1.0" encoding="UTF-8"?>
<methodPrivileges>

<!-- ASSET PRIVILEGES -->

	<method name="checkInNew">
		<privilegeId>1000001</privilegeId>
	</method>
	<method name="checkOutAssetAssignedToOtherUsers">
		<privilegeId>1000002</privilegeId>
	</method>
	<method name="overrideAnotherUsersCheckOut">
		<privilegeId>1000003</privilegeId>
	</method>
	<method name="viewAllRevisions">
		<privilegeId>1000007</privilegeId>
	</method>
	<method name="getOriginalAsset">
		<privilegeId>10000015</privilegeId>
	</method>
	<method name="getAssetAssignedToOtherUser">
		<privilegeId>1000009</privilegeId>
	</method>
	<method name="getAssetPreview">
		<privilegeId>1000006</privilegeId>
	</method>
	<method name="duplicateAsset">
		<privilegeId>1000004</privilegeId>
	</method>
	<method name="deleteAsset">
		<privilegeId>1000005</privilegeId>
	</method>
	<method name="changeCollectionOfAsset">
		<privilegeId>3000005</privilegeId>
	</method>
	<method name="changeWorkflowOfAsset">
		<privilegeId>3000006</privilegeId>
	</method>
	<method name="updateAssetName">
		<privilegeId>10000011</privilegeId>
	</method>
	
	<method name="editNormalAccessFieldsOfAssetsRoutedToTheUser">
		<privilegeId>3000001</privilegeId>
	</method>
	<method name="editNormalAndLimitedAccessFieldsOfAssetsRoutedToTheUser">
		<privilegeId>3000002</privilegeId>
	</method>
	<method name="editNormalAccessFieldsOfAssetsRoutedToOtherUser">
		<privilegeId>3000003</privilegeId>
	</method>
	<method name="editNormalAndLimitedAccessFieldsOfAssetsRoutedToOtherUser">
		<privilegeId>3000004</privilegeId>
	</method>
	
	
	
	<!-- COLLECTION PRIVILEGES -->
	
	<method name="createCollection">
		<privilegeId>19000002</privilegeId>
	</method>
	<method name="deleteCollection">
		<privilegeId>19000003</privilegeId>
	</method>
	<method name="duplicateCollection">
		<privilegeId>19000004</privilegeId>
	</method>
	<method name="moveCollection">
		<privilegeId>19000005</privilegeId>
	</method>
	<method name="collectionBrowsing">
		<privilegeId>19000007</privilegeId>
	</method>
	<method name="modifyCollectionGeneralProperties">
		<privilegeId>190000011</privilegeId>
	</method>
	<method name="modifyCollectionWorkflows">
		<privilegeId>190000012</privilegeId>
	</method>
	<method name="modifyCollectionUsersGroups">
		<privilegeId>190000013</privilegeId>
	</method>
	<method name="modifyCollectionJobJackets">
		<privilegeId>190000014</privilegeId>
	</method>
	<method name="modifyCollectionRevisionControls">
		<privilegeId>190000015</privilegeId>
	</method>
	<method name="modifyStatusBasedRoutings">
		<privilegeId>190000016</privilegeId>
	</method>	
	<method name="updateCollection">
		<privilegeId>190000017</privilegeId>
		<privilegeId>190000016</privilegeId>
		<privilegeId>190000015</privilegeId>
		<privilegeId>190000014</privilegeId>
		<privilegeId>190000013</privilegeId>
		<privilegeId>190000012</privilegeId>
		<privilegeId>190000011</privilegeId>
	</method>
	
	
	<!-- COLLECTION TEMPLATE PRIVILEGES -->
	<method name="createEditCollectionTemplate">
		<privilegeId>20000001</privilegeId>
	</method>
	<method name="deleteCollectionTemplate">
		<privilegeId>20000002</privilegeId>
	</method>
	<method name="duplicateCollectionTemplate">
		<privilegeId>20000003</privilegeId>
	</method>
	<method name="moveCollectionTemplate">
		<privilegeId>20000004</privilegeId>
	</method>
	
	<!-- SEARCH PRIVILEGES -->
	<method name="createEditSearch">
		<privilegeId>21000001</privilegeId>
	</method>
	
	<method name="deleteSearch">
		<privilegeId>21000003</privilegeId>
	</method>
	
	<method name="shareUnshareSearch">
		<privilegeId>21000002</privilegeId>
	</method>
	
	<!-- PUBLISHING PRIVILEGES -->
	<method name="qxpPdf">
		<privilegeId>2000001</privilegeId>
	</method>
	<method name="qxpEpub">
		<privilegeId>2000003</privilegeId>
	</method>	
	<method name="qxpAppStudio">
		<privilegeId>2000008</privilegeId>
	</method>
	<method name="qxpAppStudioPackage">
		<privilegeId>2000009</privilegeId>
	</method>
	<method name="ditaDocPdf">
		<privilegeId>2000001</privilegeId>
	</method>
	<method name="ditaDocHtml">
		<privilegeId>2000005</privilegeId>
	</method>
	<method name="ditaDocWordRTF">
		<privilegeId>2000007</privilegeId>
	</method>
	<method name="busDocPdf">
		<privilegeId>2000001</privilegeId>
	</method>
	<method name="busDocAppStudio">
		<privilegeId>2000008</privilegeId>
	</method>
	<method name="busDocAppStudioPackage">
		<privilegeId>2000009</privilegeId>
	</method>
	<method name="busDocQxp">
		<privilegeId>2000006</privilegeId>
	</method>
	<method name="busDocHtml">
		<privilegeId>2000005</privilegeId>
	</method>
	<method name="busDocQxpCheckin">
		<privilegeId>2000006</privilegeId>
	</method>
	<method name="busDocHtml5Publication">
		<privilegeId>2000010</privilegeId>
	</method>
	
	<!-- Mandatory privileges for Smart Document publishing channels  -->
	<method name="smartDocPdf">
		<privilegeId>2000001</privilegeId>
	</method>
	<method name="smartDocHtml">
		<privilegeId>2000005</privilegeId>
	</method>
	<method name="smartDocQxpCheckin">
		<privilegeId>2000006</privilegeId>
	</method>
	<method name="smartDocAppStudio">
		<privilegeId>2000008</privilegeId>
	</method>
	<method name="smartDocAppStudioPackage">
		<privilegeId>2000009</privilegeId>
	</method>
	<method name="smartDocHtml5Publication">
		<privilegeId>2000010</privilegeId>
	</method>

	<!-- Mandatory privileges for Smart Table publishing channels  -->
	<method name="smartTablePdf">
		<privilegeId>2000001</privilegeId>
	</method>
	<method name="smartTableHtml">
		<privilegeId>2000005</privilegeId>
	</method>
	
	<!-- Mandatory privileges for Microsoft Word documents and templates-->
	<method name="wordDocPdf">
		<privilegeId>2000001</privilegeId>
	</method>
	
	<!-- Mandatory privileges for Microsoft PowerPoint documents and templates -->
	<method name="pptPdf">
		<privilegeId>2000001</privilegeId>
	</method>
	
	<method name="pptHtml">
		<privilegeId>2000005</privilegeId>
	</method>
	
	<method name="pptPpsx">
		<privilegeId>2000011</privilegeId>
	</method>
	
	<!-- Mandatory privileges for Microsoft Excel documents and templates -->
	<method name="excelDocPdf">
		<privilegeId>2000001</privilegeId>
	</method>
	
	<!-- Mandatory privileges for Microsoft Visio documents and templates -->
	<method name="visioDocPdf">
		<privilegeId>2000001</privilegeId>
	</method>
	
	<!-- ARCHIVE PRIVILEGES -->
	<method name="archiveAsset">
		<privilegeId>10000013</privilegeId>
	</method>
		
	<!-- Attribute privileges -->	
	
	<method name="viewAttributes">
		<privilegeId>3000007</privilegeId>
	</method>	
	<method name="createModifyAttributes">
		<privilegeId>3000008</privilegeId>
	</method>	
	<method name="deleteAttributes">
		<privilegeId>3000009</privilegeId>
	</method>
	
	<!-- CONTENT TYPE PRIVILEGES -->
	
	<method name="viewContentTypes">
		<privilegeId>18000001</privilegeId>
	</method>	
	<method name="createModifyContentTypes">
		<privilegeId>18000002</privilegeId>
	</method>	
	<method name="deleteContentTypes">
		<privilegeId>18000003</privilegeId>
	</method>	

	<!-- ROLE PRIVILEGES -->
	
	<method name="viewUserClasses">
		<privilegeId>12000001</privilegeId>
	</method>	
	<method name="createModifyUserClasses">
		<privilegeId>12000002</privilegeId>
	</method>	
	<method name="deleteUserClasses">
		<privilegeId>12000003</privilegeId>
	</method>	
	
	<!-- WORKFLOW PRIVILEGES -->	
	<method name="viewWorkflows">
		<privilegeId>17000001</privilegeId>
	</method>	
	<method name="createModifyWorkflows">
		<privilegeId>17000002</privilegeId>
	</method>	
	<method name="deleteWorkflows">
		<privilegeId>17000003</privilegeId>
	</method>
	
	<!-- USER/GROUP PRIVILEGES-->
	<method name="viewUsersGroups">
		<privilegeId>10000001</privilegeId>
	</method>	
	<method name="createModifyUsersGroups">
		<privilegeId>10000002</privilegeId>
	</method>	
	<method name="deleteUsersGroups">
		<privilegeId>10000003</privilegeId>
	</method>
	<method name="importUsersFromExternalSource">
		<privilegeId>10000004</privilegeId>
	</method>
	
	<!-- FORM PRIVILEGES-->
	<method name="viewForms">
		<privilegeId>23000001</privilegeId>
	</method>	
	<method name="createModifyForms">
		<privilegeId>23000002</privilegeId>
	</method>	
	
	
	<!-- STORAGE PRIVILEGES -->	
	<method name="viewStorageRepositories">
		<privilegeId>140000011</privilegeId>
	</method>	
	<method name="createModifyStorageRepositories">
		<privilegeId>140000012</privilegeId>
	</method>	
	<method name="deleteStorageRepositories">
		<privilegeId>140000013</privilegeId>
	</method>
	
	<!-- RELATION PRIVILEGES -->	
	<method name="viewRelations">
		<privilegeId>24000001</privilegeId>
	</method>	
	<method name="createModifyRelations">
		<privilegeId>24000002</privilegeId>
	</method>	
	<method name="deleteRelations">
		<privilegeId>24000003</privilegeId>
	</method>
	
</methodPrivileges>