<?xml version="1.0" encoding="UTF-8"?>
<beans xmlns="http://www.springframework.org/schema/beans"
 xmlns:xsi="http://www.w3.org/2001/XMLSchema-instance"
 xmlns:context="http://www.springframework.org/schema/context"
 xmlns:util="http://www.springframework.org/schema/util"
 xmlns:pub="http://www.quark.com/qpp/publishing/schema"
 xsi:schemaLocation="http://www.springframework.org/schema/beans http://www.springframework.org/schema/beans/spring-beans.xsd
  http://www.springframework.org/schema/context http://www.springframework.org/schema/context/spring-context.xsd 
  http://www.springframework.org/schema/util http://www.springframework.org/schema/util/spring-util.xsd
  http://www.quark.com/qpp/publishing/schema http://www.quark.com/qpp/publishing/schema/publishingprocess.xsd">
	
	<!-- PROCESS DEFINITIONS -->
	<pub:process id="checkInToFileNet">
			<pub:activity class="com.quark.qpp.publishing.activity.GetQPPAttributes">
			<description>Resolve all attachments of input primary asset
			</description>
			<property name="activityName">
				<value>GetPlatformAttributes</value>
			</property>
			<property name="assetId">
				<value>param:ASSET_ID</value>
			</property>
			<property name="attributeNames">
				<list>
					 <value>Status</value> 
				</list>
			</property>
		</pub:activity>
			<pub:activity class="com.quark.qpp.publishing.activity.CheckInToFileNet">
			<description>Check-In Published data to FileNet</description>
			<property name="activityName">
				<value>CheckInToFileNet</value>
			</property>
			<property name="connectionURI">
				<value>param:CONNECTION_URI</value>	
			</property>	
			<property name="objectStore">
				<value>param:OBJECT_STORE</value>	
			</property>
			<property name="folderPath">
				<value>param:FOLDER_PATH</value>	
			</property>
			<property name="userName">
				<value>param:USER_NAME</value>	
			</property>
			<!-- Password of SharePoint user.-->
			<property name="password">
				<value>param:PASSWORD</value>	
			</property>
			<property name="outContentFileName">
				<value>param:NAME</value>	
			</property>
					<!-- Key represents Filenet attribute name and its value
			represents its corresponding attribute in source content. -->
			<property name="fnAttributesMap">
				<map>
					<!--  <entry key="Status" value="Status" /> -->
				</map>
			</property>
		</pub:activity>
		<pub:activity-stream-mapper>
			<property name="activityName">
				<value>GetPlatformAttributes</value>
			</property>
			<property name="inputStreamNames">
				<map>
					<entry key="Asset" value="RequestContent" />
				</map>
			</property>
			<property name="outputStreamNames">
				<map>
					<entry key="AssetWithAttributes" value="AssetWithAttributes" />
				</map>
			</property>
		</pub:activity-stream-mapper>
		
		<pub:activity-stream-mapper>
			<property name="activityName">
				<value>CheckInToFileNet</value>
			</property>
			<property name="inputStreamNames">
				<map>
					<entry key="SourceDocument" value="AssetWithAttributes" />
				</map>
			</property>
		</pub:activity-stream-mapper>
	</pub:process>
</beans>
