<?xml version="1.0" encoding="UTF-8"?>
<beans xmlns="http://www.springframework.org/schema/beans"
 xmlns:xsi="http://www.w3.org/2001/XMLSchema-instance"
 xmlns:context="http://www.springframework.org/schema/context"
 xmlns:util="http://www.springframework.org/schema/util"
 xmlns:pub="http://www.quark.com/qpp/publishing/schema"
 xsi:schemaLocation="http://www.springframework.org/schema/beans http://www.springframework.org/schema/beans/spring-beans.xsd
  http://www.springframework.org/schema/context http://www.springframework.org/schema/context/spring-context.xsd 
  http://www.springframework.org/schema/util http://www.springframework.org/schema/util/spring-util.xsd
  http://www.quark.com/qpp/publishing/schema http://www.quark.com/qpp/publishing/schema/publishingprocess.xsd">
	
	<!-- PROCESS DEFINITIONS -->
	<!-- This process check-In all the files associated with content info objects 
		available in PublishingContext with name 'Asset'.-->
	<pub:process id="checkInAssetToSharePoint">
		<pub:activity class="com.quark.qpp.publishing.activity.GetQPPAttributes">
			<description>Resolve all attachments of input primary asset</description>
			<property name="activityName">
				<value>GetQpsAttributes</value>
			</property>
			<property name="assetId">
				<value>param:ASSET_ID</value>
			</property>
			<property name="attributeNames">
				<list>
					<value>Status</value>
					<value>Workflow</value>
					<value>Revision comments</value>
				</list>
			</property>
		</pub:activity>
		<pub:activity class="com.quark.qpp.publishing.activity.CheckInToSharePoint">
			<description>Check-In Published data to SharePoint</description>
			<property name="activityName">
				<value>Check-In To Sharepoint</value>
			</property>
			<!--  URI of the SharePoint document library or folder, to be used for check-in published data -->			
			<property name="destinationPathUri">
				<value>param:DESTINATION_PATH_URI</value>	
			</property>	
			<!-- Authentication scheme to be used to access and check-in published data.
			It can be either Kerberos or NTLM.			
			-->		
			<property name="authenticationScheme">
				<value>param:AUTHENTICATION_SCHEME</value>	
			</property>
			<!--SharePoint User name to used to be access and check-in published data.
			It is required only for NTLM authentication scheme -->
			<property name="userName">
				<value>param:USER_NAME</value>	
			</property>
			<!-- Password of SharePoint user.-->
			<property name="password">
				<value>param:PASSWORD</value>	
			</property>
			<!--  File Name to be used to check-in input content into SharePoint -->			
			<property name="fileName">
				<value>param:NAME</value>	
			</property>
			<!-- Key represents SharePoint attribute name and its value
			represents its corresponding attribute in source content. -->
			<property name="spAttributesMap">
				<map>
					<entry key="Comments" value="Revision comments" />
					<entry key="Description" value="Revision comments" />
					<entry key="Workflow" value="Workflow" />
					<entry key="Status" value="Status" />
				</map>
			</property>
		</pub:activity>		
		
		<pub:activity-stream-mapper>
			<property name="activityName">
				<value>GetQpsAttributes</value>
			</property>
			<property name="inputStreamNames">
				<map>
					<entry key="Asset" value="RequestContent" />
				</map>
			</property>
			<property name="outputStreamNames">
				<map>
					<entry key="AssetWithAttributes" value="AssetWithAttributes" />
				</map>
			</property>
		</pub:activity-stream-mapper>
		
		<pub:activity-stream-mapper>
			<property name="activityName">
				<value>Check-In To Sharepoint</value>
			</property>
			<property name="inputStreamNames">
				<map>
					<entry key="SourceImage" value="AssetWithAttributes" />
				</map>
			</property>
		</pub:activity-stream-mapper>
	</pub:process>
</beans>