<?xml version="1.0" encoding="UTF-8"?>
<beans xmlns="http://www.springframework.org/schema/beans"
	xmlns:xsi="http://www.w3.org/2001/XMLSchema-instance" xmlns:context="http://www.springframework.org/schema/context"
	xmlns:util="http://www.springframework.org/schema/util" xmlns:pub="http://www.quark.com/qpp/publishing/schema"
	xsi:schemaLocation="http://www.springframework.org/schema/beans http://www.springframework.org/schema/beans/spring-beans.xsd
  http://www.springframework.org/schema/context http://www.springframework.org/schema/context/spring-context.xsd 
  http://www.springframework.org/schema/util http://www.springframework.org/schema/util/spring-util.xsd
  http://www.quark.com/qpp/publishing/schema http://www.quark.com/qpp/publishing/schema/publishingprocess.xsd">


	<!-- PROCESS DEFINITIONS -->
	<pub:process id="checkInToPlatform">

	<!-- This activity will check In a folder, file or a zip-file (after unzipping) 
		into the platform by creating collection corresponding to a folder/sub-folder 
		and checking in files in the collection created corresponding to the containing 
		folder. -->
		<pub:activity class="com.quark.qpp.publishing.activity.CheckInToPlatform">
			<description>This activity checks in an asset and creates relations
				provided the child assets are already checked in.</description>
			<property name="activityName">
				<value>CheckInToPlatform</value>
			</property>
			<property name="checkinType"> 
				<value>param:CHECKIN_TYPE</value>
			</property>
			
			<!-- Refers to the METADATA_XML param for metadata required to checkIn 
				into QPP Server. Sample Xml : <attributeValueList><attributeValue 
				id="2">project_martin8</attributeValue></attributeValueList> -->
			<property name="metadataXml">
				<value>param:METADATA_XML</value>
			</property>

			<!-- Refers to the RELATIONS_XML param for metadata required to 
				create relations between the asset being checkIn as parent asset and already 
				existing child assets.
				Sample Xml : <assetRelationInfoList> <assetRelationInfo relationType="XML 
				Component Reference" childAssetId="32"> <attributeValueList> <attributeValue 
				name="XPATH">xpathValue_new</attributeValue> </attributeValueList> </assetRelationInfo> 
				</assetRelationInfoList> -->
			<property name="relationsXml">
				<value>param:RELATIONS_XML</value>
			</property>
			<property name="overwriteExisting">
				<value>param:OVERWRITE_EXISTING</value>
			</property>
		</pub:activity>

		<pub:activity-stream-mapper>
			<property name="activityName">
				<value>CheckInToPlatform</value>
			</property>
			<property name="inputStreamNames">
				<map>
					<entry key="SourceContent" value="RequestContent" />
				</map>
			</property>
		</pub:activity-stream-mapper>

	</pub:process>

</beans>