<?xml version="1.0" encoding="UTF-8"?>
<beans xmlns="http://www.springframework.org/schema/beans"
 xmlns:xsi="http://www.w3.org/2001/XMLSchema-instance"
 xmlns:context="http://www.springframework.org/schema/context"
 xmlns:util="http://www.springframework.org/schema/util"
 xmlns:pub="http://www.quark.com/qpp/publishing/schema"
 xsi:schemaLocation="http://www.springframework.org/schema/beans http://www.springframework.org/schema/beans/spring-beans.xsd
  http://www.springframework.org/schema/context http://www.springframework.org/schema/context/spring-context.xsd 
  http://www.springframework.org/schema/util http://www.springframework.org/schema/util/spring-util.xsd
  http://www.quark.com/qpp/publishing/schema http://www.quark.com/qpp/publishing/schema/publishingprocess.xsd">
	
	<!-- PROCESS DEFINITION -->
	<pub:process id="collectForOutputSmartDocEx">
			
		<pub:activity class="com.quark.qpp.publishing.activity.UnzipXaDocumentPackage">
			<description>Unzips and registers XA document file along with the dependencies supplied in the zip file.</description>
			<property name="activityName">
				<value>UnzipXaDocumentPackage</value>
			</property>
			<property name="mainDitaDocNameInZip">
				<value>MainDoc.xml</value>
			</property>
		</pub:activity>

		<!--
			This activity download attachments (output
			content name) with name 'AssetWithAttributes' for the asset whose id is given.
			Other activities down the chain can access values of required attributes
			with their content info getAttribute(QPSAttributeId) method
		-->
		<pub:activity class="com.quark.qpp.publishing.activity.ResolveXADocReferences">
			<description>Resolve all attachments of input primary asset</description>
			<property name="activityName">
				<value>ResolveQppAttachmentsFromXaDoc</value>
			</property>
			<property name="assetId">
				<value>param:ASSET_ID</value>
			</property>
			<property name="resolveQppRelations">
				<value>param:RESOLVE_QPP_RELATIONS</value>
			</property>	
			<property name="namingScheme">
				<value>dita</value>
			</property>
			
			<!-- Excel, Visio, PowerPoint and Charts data rendering properties to be overridden for publishing -->
			<property name="dataRenderingParametersMap">
				<map>
					<entry key="qpp://office/excel">
						<map>
							<entry key="imageformat" value="PARAM:EXCEL_DATA_IMAGE_FORMAT"/>						
						</map>
					</entry>
					<entry key="qpp://charts">
						<map>
							<entry key="imageformat" value="PARAM:CHART_IMAGE_FORMAT"/>
						</map>
					</entry>
					<entry key="qpp://office/visio">
						<map>
	    					<entry key="imageformat" value="PARAM:VISIO_DATA_IMAGE_FORMAT"/>
						</map>
					</entry>
					<entry key="qpp://office/powerpoint">
						<map>
	        				<entry key="imageformat" value="PARAM:POWERPOINT_DATA_IMAGE_FORMAT"/>
	    				</map>
					</entry>					
				</map>
			</property>
			
			<!--  XPath expression pointing to element nodes containing references-->
			<property name="xpathExpression">
				<value>//*[@href][not(local-name()='xref')][not(local-name()='object')] | //*[local-name()='object'][@href][not(starts-with(@href,'http:'))] | //*[@conref] | //xref[not(@format) or @format='dita' or @format='ditamap']</value>
			</property>
			<!-- List of attribute names to be used as referenced attributes in the elements nodes evaluated by either above mentioned XPath or xpath relation attribute in case of QPP relations.
			     Any of the below mentioned references attribute that matches first would be considered.-->
			<!-- Namespaced attributes should be specified with their appropriate prefix prefix for example: 	<value>xlink:href</value> -->
			<property name="referenceAttributesList">
				<list>
					<value>conref</value>
					<value>href</value>
				</list>
			</property>
			<!--XPath expression to file extension map to be used for resolving base64-encoded binary images -->
			<property name="xpathToFileExtMapForBinaryImages">
				<map>
					<entry key="//image[not(@href) and @content-type='gif']" value="gif"/>
				</map>
			</property>
			<!-- Name of the reference attribute which is created in the binary image tag (fetched from xpath). Value of this attribute would be name of the temp file created from the binary data-->
			<!-- Namespaced attributes should be specified with their appropriate prefix prefix for example: 	<value>xlink:href</value> -->
			<property name="binaryImageRefAttribute">
				<value>href</value>
			</property>
		</pub:activity>
		
		<pub:activity class="com.quark.qpp.publishing.activity.XslTransform" init-method="init">
			<description>Upgrade older versions of smart content and transclude by merging all con-referenced elements</description>
			<property name="activityName">
				<value>CreateMonolithicXML</value>
			</property>
			<property name="xslt">
				<value>classpath:smartcontent-upgrade-and-transclude.xslt</value>
			</property>
			<property name="factoryClassName">
				<value>net.sf.saxon.TransformerFactoryImpl</value>
			</property>
			<!--  Make this property to true if channel parameters should be passed to the underlying XSL being used for transformation -->
			<property name="passChannelParametersToXsl">
				<value>true</value>
			</property>
			<property name="outFolderName">
				<value>MergedMigratedDoc</value>
			</property>
		</pub:activity>
		
		<pub:activity class="com.quark.qpp.publishing.activity.ResolveMathEquations">
			<description>An activity that replaces MathML nodes with images.</description>
			<property name="activityName">
				<value>ResolveMathEquationsInMainDoc</value>
			</property>
			<property name="defaultImageFormat">
				<value>param:MATH_EQUATION_IMAGE_FORMAT</value>
			</property>
			<property name="xpathBasedStylesMap">
			<!-- In order to apply a particular style (i.e. color/fontFamily/...) for specific set of math equation images, mention an exclusive 
				math node xpath as key and the required style as value. Ideally, the paths should 
				be specified in such an order that the most exclusive math node xpath 
				is specified first and the general xpaths are specified in the end.
				Since the matching math node is replaced by image, thus there 
				won't be any overriding of style and instead the first found xpath match replaces that math node.
				By default the defaultImageFormat property will be considered.
				But in order override this default output format, declare property imageFormat = ... in addition to other properties.
				For example- value="fontSize=11px;fontFamily=Calibri;imageFormat=pdf........"
				For other WIRIS supported styling properties check the following link 
				http://www.wiris.com/editor/docs/reference/parameters  -->
				<map>
					<!-- Math Equations in Callout -->
					<entry key="//mathml:math [ ancestor::smart:region[1]/@type = 'callout' ]" 
					value="fontSize=11px;fontFamily=Calibri;color=#FFFFFF;;backgroundColor=#007184;"/>
						
					<!-- Math Equations in box -->
					<entry key="//mathml:math [ ancestor::smart:region[1]/@type = 'box']"
					value="fontSize=11px;fontFamily=Calibri;color=#000000;backgroundColor=#262626"/>
						
					<!-- Math Equations in Document title -->
					<entry key="//mathml:math [ancestor::smart:title] [ancestor::smart:section[@type='document'] ] [not(ancestor::smart:section[@type='section'])] [not(ancestor::smart:section[@type='subsection'])]" 
					value="fontSize=21px;fontFamily=Cambria;color=#007184"/>
						
					<!-- Math Equations in Section Title -->
					<entry key="//mathml:math [ancestor::smart:title] [ancestor::smart:section[@type='section'] ] [not(ancestor::smart:section[@type='subsection'])]"
					value="fontSize=16px;fontFamily=Cambria;color=#007184"/>
						
					<!-- Math Equations in Subsection Title -->
					<entry key="//mathml:math [ancestor::smart:title] [ancestor::smart:section[@type='subsection']]"
					value="fontSize=12.5px;fontFamily=Trebuchet MS;color=#007184"/>
					
					<!-- Math equations in paragraph's of type heading -->
					<entry key="//mathml:math [ ancestor::smart:p[1]/@type = 'heading']"
					value="fontSize=11px;fontFamily=Trebuchet MS;color=#006194"/>
					
					<!-- Math equations of type note -->
					<entry key="//mathml:math [ ancestor::smart:p[1]/@type = 'note']" 
					value="fontSize=11px;fontFamily=Calibri;color=#000000;fontStyle=italic;backgroundColor=#1F1F1F"/>
						
					<!-- Math equations in paragraph's of type long quote -->
					<entry key="//mathml:math [ ancestor::smart:p[1]/@type = 'lq']" 
					value="fontSize=11px;fontFamily=Trebuchet MS;color=#006194;fontStyle=italic"/>
						
					<!-- All other math nodes -->
					<entry key="//mathml:math"
					value="fontSize=12px;fontFamily=Calibri;color=#000000;"></entry>
				</map>
			</property>
			<property name="namespacePrefixUriMap">
				<map>
					<entry key="mathml" value="http://www.w3.org/1998/Math/MathML"/>
					<entry key="smart" value="http://quark.com/smartcontent/4.0"/>
				</map>
			</property>
		</pub:activity>
	
		<pub:activity class="com.quark.qpp.publishing.activity.XslTransform" init-method="init">
			<description>Cleans up given XA documents using the given XSL</description>
			<property name="activityName">
				<value>MainDocCleanUpXslTransform</value>
			</property>
			<property name="xslt">
				<value>classpath:SmartDocUpdateRefrences.xsl</value>
			</property>
			<property name="factoryClassName">
				<value>net.sf.saxon.TransformerFactoryImpl</value>
			</property>
			<property name="outFolderName">
				<value>CollectedContent</value>
			</property>
			<property name="outFileName">
				<value>MainDoc.xml</value>
			</property>
		</pub:activity>
		
		<pub:activity class="com.quark.qpp.publishing.activity.CreateZip">
		 	<description>Creates Zip of the input content</description>
		 	<property name="activityName">
				<value>CreateZip</value>
			</property>		
		</pub:activity>
				
				
			<!-- Activity Streams Mapper -->
		<pub:activity-stream-mapper>
			<property name="activityName">
				<value>UnzipXaDocumentPackage</value>
			</property>
			<property name="inputStreamNames">
				<map>
					<entry key="ZippedContent" value="RequestContent" />
				</map>
			</property>
			<property name="outputStreamNames">
				<map>
					<entry key="XmlAttachment" value="XmlAttachment" />
					<entry key="NonXmlAttachment" value="NonXmlAttachment" />
					<entry key="MainDitaDoc" value="MainSmartDoc" />
				</map>
			</property>
		</pub:activity-stream-mapper>

		<pub:activity-stream-mapper>
			<property name="activityName">
				<value>ResolveQppAttachmentsFromXaDoc</value>
			</property>
			<property name="inputStreamNames">
				<map>
					<entry key="XaDoc" value="MainSmartDoc" />
				</map>
			</property>
			<property name="outputStreamNames">
				<map>
					<entry key="XmlAttachment" value="XmlAttachment" />
					<entry key="NonXmlAttachment" value="NonXmlAttachment" />
					<entry key="UpdatedXaDoc" value="ResolvedSmartDoc" />
				</map>
			</property>
		</pub:activity-stream-mapper>
		
		<pub:activity-stream-mapper>
			<property name="activityName">
				<value>CreateMonolithicXML</value>
			</property>
			<property name="inputStreamNames">
				<map>
					<entry key="XMLFile" value="ResolvedSmartDoc"/>
				</map>
			</property>
			<property name="outputStreamNames">
				<map>
					<entry key="ModifiedXML" value="UpgradedTranscludedSmartDoc"/>
				</map>
			</property>			
		</pub:activity-stream-mapper>
		
		<pub:activity-stream-mapper>
			<property name="activityName">
				<value>ResolveMathEquationsInMainDoc</value>
			</property>
			<property name="inputStreamNames">
				<map>
					<entry key="XMLFile" value="UpgradedTranscludedSmartDoc" />
				</map>
			</property>
			<property name="outputStreamNames">
				<map>
					<entry key="MathEquationImage" value="NonXmlAttachment" />
					<entry key="ModifiedXML" value="MathEqResolvedSmartDoc" />
				</map>
			</property>
		</pub:activity-stream-mapper>
		
		<pub:activity-stream-mapper>
			<property name="activityName">
				<value>MainDocCleanUpXslTransform</value>
			</property>
			<property name="inputStreamNames">
				<map>
					<entry key="XMLFile" value="MathEqResolvedSmartDoc" />
				</map>
			</property>
			<property name="outputStreamNames">
				<map>
					<entry key="ModifiedXML" value="UpdatedSmartDoc" />
				</map>
			</property>
		</pub:activity-stream-mapper>
		
		<pub:activity-stream-mapper>
			<property name="activityName">
				<value>CreateZip</value>
			</property>
			<property name="inputStreamNames">
				<map>
					<entry key="CONTENT_TO_ZIP" value="UpdatedSmartDoc,NonXmlAttachment" />
				</map>
			</property>
			<property name="outputStreamNames">
				<map>
					<entry key="ZIP_CONTENT" value="ZIP_CONTENT" />
				</map>
			</property>
		</pub:activity-stream-mapper>
			
		<!-- Process OutPut -->
		<pub:deliverable-output>
			<property name="deliveryContentNames">
				<list>
					<value>ZIP_CONTENT</value>
				</list>
			</property>
		</pub:deliverable-output>
	</pub:process>
</beans>