<?xml version="1.0" encoding="UTF-8"?>
<beans xmlns="http://www.springframework.org/schema/beans"
 xmlns:xsi="http://www.w3.org/2001/XMLSchema-instance"
 xmlns:context="http://www.springframework.org/schema/context"
 xmlns:util="http://www.springframework.org/schema/util"
 xmlns:pub="http://www.quark.com/qpp/publishing/schema"
 xsi:schemaLocation="http://www.springframework.org/schema/beans http://www.springframework.org/schema/beans/spring-beans.xsd
  http://www.springframework.org/schema/context http://www.springframework.org/schema/context/spring-context.xsd 
  http://www.springframework.org/schema/util http://www.springframework.org/schema/util/spring-util.xsd
  http://www.quark.com/qpp/publishing/schema http://www.quark.com/qpp/publishing/schema/publishingprocess.xsd">
	
	<!-- PROCESS DEFINITION -->
	<pub:process id="collectForOutput">
			
		<pub:activity class="com.quark.qpp.publishing.activity.UnzipXaDocumentPackage">
			<description>Unzips and registers XA document file along with the dependencies supplied in the zip file.</description>
			<property name="activityName">
				<value>UnzipXaDocumentPackage</value>
			</property>			
			<property name="mainDitaDocNameInZip">
				<value>MainDoc.xml</value>
			</property>		
		</pub:activity>
		
		<pub:activity class="com.quark.qpp.publishing.activity.ResolveXADocReferences">
			<description>Resolve all attachments of input primary asset</description>
			<property name="activityName">
				<value>ResolveQppAttachmentsFromXaDoc</value>
			</property>			
			<property name="assetId">
				<value>param:ASSET_ID</value>
			</property>	
			<property name="namingScheme">
				<value>dita</value>
			</property>				
			<!--  XPath expression pointing to element nodes containing references-->
			<property name="xpathExpression">
				<value>//*[@href][not(name()='xref')] | //*[@conref] | //xref[not(@format) or @format='dita' or @format='ditamap']</value>
			</property>
			
			<!-- Excel, Visio, PowerPoint and Charts data rendering properties to be overridden for publishing -->
			<property name="dataRenderingParametersMap">
				<map>
					<entry key="qpp://office/excel">
						<map>
							<entry key="imageformat" value="PARAM:EXCEL_DATA_IMAGE_FORMAT"/>						
						</map>
					</entry>
					<entry key="qpp://charts">
						<map>
							<entry key="imageformat" value="PARAM:CHART_IMAGE_FORMAT"/>
						</map>
					</entry>
					<entry key="qpp://office/visio">
						<map>
	    					<entry key="imageformat" value="PARAM:VISIO_DATA_IMAGE_FORMAT"/>
						</map>
					</entry>
					<entry key="qpp://office/powerpoint">
						<map>
	        				<entry key="imageformat" value="PARAM:POWERPOINT_DATA_IMAGE_FORMAT"/>
	    				</map>
					</entry>					
				</map>
			</property>
			
			<!-- List of attribute names to be used as referenced attributes in the elements nodes evaluated by either above mentioned XPath or xpath relation attribute in case of QPP relations.
			     Any of the below mentioned references attribute that matches first would be considered. -->
			<!-- Namespaced attributes should be specified with their appropriate prefix prefix for example: 	<value>xlink:href</value> -->
			<property name="referenceAttributesList">
				<list>
					<value>conref</value>
					<value>href</value>
				</list>
			</property>
				
			<!--XPath expression to file extension map to be used for resolving base64-encoded binary images -->
			<property name="xpathToFileExtMapForBinaryImages">
				<map>
					<entry key="//image[not(@href) and @content-type='gif']" value="gif"/>					
				</map>
			</property>
			<!-- Name of the reference attribute which is created in the binary image tag (fetched from xpath). Value of this attribute would be name of the temp file created from the binary data-->
			<!-- Namespaced attributes should be specified with their appropriate prefix prefix for example: 	<value>xlink:href</value> -->
			<property name="binaryImageRefAttribute">
				<value>href</value>
			</property>				
		</pub:activity>
		
		
		<pub:activity class="com.quark.qpp.publishing.activity.XslTransform" init-method="init">
			<description>Cleans up given XA documents using the given XSL</description>
			<property name="activityName">
				<value>MainDocCleanUpXslTransform</value>
			</property>
			<property name="xslt">
				<value>param:CLEANUP_XSL</value>
			</property>
			<property name="factoryClassName">
				<value>net.sf.saxon.TransformerFactoryImpl</value>
			</property>
			<property name="outFolderName">
				<value>CollectedContent</value>
			</property>
			<property name="outFileName">
				<value>MainDoc.xml</value>
			</property>
		</pub:activity>
				
		<pub:activity class="com.quark.qpp.publishing.activity.XslTransform" init-method="init">
			<description>Cleans up given XA documents using the given XSL</description>
			<property name="activityName">
				<value>AttachmentsCleanUpXslTransform</value>
			</property>
			<property name="xslt">
				<value>param:CLEANUP_XSL</value>
			</property>
			<property name="factoryClassName">
				<value>net.sf.saxon.TransformerFactoryImpl</value>
			</property>
			<!-- This folder will be created inside the process temp folder so that transformed xml file names are same -->
			<property name="outFolderName">
				<value>CollectedContent</value>
			</property>
		</pub:activity>
		
		<pub:activity class="com.quark.qpp.publishing.activity.CreateZip">
		 	<description>Creates Zip of the input content</description>
		 	<property name="activityName">
				<value>CreateZip</value>
			</property>		
		</pub:activity>
				
				
		<pub:activity-stream-mapper>
			<property name="activityName">
				<value>UnzipXaDocumentPackage</value>
			</property>
			<property name="inputStreamNames">
				<map>
					<entry key="ZippedContent" value="RequestContent" />
				</map>
			</property>
			<property name="outputStreamNames">
				<map>
					<entry key="XmlAttachment" value="XmlAttachment" />
					<entry key="NonXmlAttachment" value="NonXmlAttachment" />
					<entry key="MainDitaDoc" value="MainDitaDoc" />
				</map>
			</property>
		</pub:activity-stream-mapper>
		
		<pub:activity-stream-mapper>
			<property name="activityName">
				<value>ResolveQppAttachmentsFromXaDoc</value>
			</property>
			<property name="inputStreamNames">
				<map>
					<entry key="XaDoc" value="MainDitaDoc" />
				</map>
			</property>
			<property name="outputStreamNames">
				<map>
					<entry key="XmlAttachment" value="XmlAttachment" />
					<entry key="NonXmlAttachment" value="NonXmlAttachment" />
					<entry key="UpdatedXaDoc" value="UpdatedMainDitaDoc" />
				</map>
			</property>
		</pub:activity-stream-mapper>
		
	
		<pub:activity-stream-mapper>
			<property name="activityName">
				<value>MainDocCleanUpXslTransform</value>
			</property>
			<property name="inputStreamNames">
				<map>
					<entry key="XMLFile" value="UpdatedMainDitaDoc" />
				</map>
			</property>
			<property name="outputStreamNames">
				<map>
					<entry key="ModifiedXML" value="CleanedUpMainDitaDoc" />
				</map>
			</property>
		</pub:activity-stream-mapper>
		
		<pub:activity-stream-mapper>
			<property name="activityName">
				<value>AttachmentsCleanUpXslTransform</value>
			</property>
			<property name="inputStreamNames">
				<map>
					<entry key="XMLFile" value="XmlAttachment" />
				</map>
			</property>
			<property name="outputStreamNames">
				<map>
					<entry key="ModifiedXML" value="CleanedUpXmlAttachment" />
				</map>
			</property>
		</pub:activity-stream-mapper>
						
		<pub:activity-stream-mapper>
			<property name="activityName">
				<value>CreateZip</value>
			</property>
			<property name="inputStreamNames">
				<map>
					<entry key="CONTENT_TO_ZIP" value="CleanedUpMainDitaDoc,NonXmlAttachment,CleanedUpXmlAttachment" />
				</map>
			</property>
			<property name="outputStreamNames">
				<map>
					<entry key="ZIP_CONTENT" value="ZIP_CONTENT" />
				</map>
			</property>
		</pub:activity-stream-mapper>
			
		<!-- Process OutPut -->
		<pub:deliverable-output>
			<property name="deliveryContentNames">
				<list>
					<value>ZIP_CONTENT</value>
				</list>
			</property>
		</pub:deliverable-output>
	</pub:process>
</beans>
