<?xml version="1.0" encoding="UTF-8"?>
<beans xmlns="http://www.springframework.org/schema/beans"
 xmlns:xsi="http://www.w3.org/2001/XMLSchema-instance"
 xmlns:context="http://www.springframework.org/schema/context"
 xmlns:util="http://www.springframework.org/schema/util"
 xmlns:pub="http://www.quark.com/qpp/publishing/schema"
 xsi:schemaLocation="http://www.springframework.org/schema/beans http://www.springframework.org/schema/beans/spring-beans.xsd
  http://www.springframework.org/schema/context http://www.springframework.org/schema/context/spring-context.xsd 
  http://www.springframework.org/schema/util http://www.springframework.org/schema/util/spring-util.xsd
  http://www.quark.com/qpp/publishing/schema http://www.quark.com/qpp/publishing/schema/publishingprocess.xsd">
	
	<!-- PROCESS DEFINITION -->
	<pub:process id="createDataDocFromHttpUrl">
	
		<pub:activity class="com.quark.qpp.publishing.activity.FetchContentFromHttpURL">
			<description>Fetch HTML Table from Source</description>
			<property name="activityName">
				<value>FetchContentFromHttpURL</value>
			</property>			
			<property name="contentUrl">
				<value>param:CONTENT_URL</value>
			</property>					
		</pub:activity>
		
		<pub:activity class="com.quark.qpp.publishing.activity.XslTransform" init-method="init">
			<description>Transform the content fetched in the first activity using specified XSL file</description>
			<property name="activityName">
				<value>TRansformSourceContent</value>
			</property>
			<property name="xslt">
				<value>param:XSL_URI</value>
			</property>
			<property name="factoryClassName">
				<value>net.sf.saxon.TransformerFactoryImpl</value>
			</property>
			<property name="outFolderName">
				<value>CollectedContent</value>
			</property>
		</pub:activity>
			
			
		<pub:activity class="com.quark.qpp.publishing.activity.SetAssetMetadata">
			<description>Sets the asset metadata to the given content</description>
			<property name="activityName">
				<value>SetAssetMetadata</value>
			</property>
			<property name="attributesMap">
				<map>
				<!-- Attributes to be set in the Platform for the given asset can be specified in the given Map as below-->
				<!--
					<entry key="File Extension" value="xml" />
					<entry key="Content Type" value="Smart Table" /> 
					<entry key="Mime Type" value="application/xml" />
					<entry key="Routed To" value="Admin" />
					<entry key="Collection Path" value="Home" />
				 -->					
				</map>
			</property>			
		</pub:activity>
		
		<pub:activity-stream-mapper>
			<property name="activityName">
				<value>FetchContentFromHttpURL</value>
			</property>
			<property name="outputStreamNames">
				<map>
					<entry key="CONTENT_FETCHED" value="SOURCE_CONTENT" />					
				</map>
			</property>
		</pub:activity-stream-mapper>
		
		<pub:activity-stream-mapper>
			<property name="activityName">
				<value>TRansformSourceContent</value>
			</property>
			<property name="inputStreamNames">
				<map>
					<entry key="XMLFile" value="SOURCE_CONTENT" />
				</map>
			</property>
			<property name="outputStreamNames">
				<map>
					<entry key="ModifiedXML" value="TRANSFORMED_CONTENT" />
				</map>
			</property>
		</pub:activity-stream-mapper>
		
		
			<pub:activity-stream-mapper>
			<property name="activityName">
				<value>SetAssetMetadata</value>
			</property>
			<property name="inputStreamNames">
				<map>
					<entry key="IN_CONTENT" value="TRANSFORMED_CONTENT" />
				</map>
			</property>
			<property name="outputStreamNames">
				<map>
					<entry key="CONTENT_WITH_METADATA" value="CONTENT_WITH_METADATA" />					
				</map>
			</property>
		</pub:activity-stream-mapper>
			
		<!-- Process OutPut -->
		<pub:deliverable-output>
			<property name="deliveryContentNames">
				<list>
					<value>CONTENT_WITH_METADATA</value>
				</list>
			</property>
		</pub:deliverable-output>
	</pub:process>
</beans>
