<?xml version="1.0" encoding="UTF-8"?>
<beans xmlns="http://www.springframework.org/schema/beans"
	xmlns:xsi="http://www.w3.org/2001/XMLSchema-instance" xmlns:context="http://www.springframework.org/schema/context"
	xmlns:util="http://www.springframework.org/schema/util" xmlns:pub="http://www.quark.com/qpp/publishing/schema"
	xsi:schemaLocation="http://www.springframework.org/schema/beans http://www.springframework.org/schema/beans/spring-beans.xsd
  http://www.springframework.org/schema/context http://www.springframework.org/schema/context/spring-context.xsd 
  http://www.springframework.org/schema/util http://www.springframework.org/schema/util/spring-util.xsd
  http://www.quark.com/qpp/publishing/schema http://www.quark.com/qpp/publishing/schema/publishingprocess.xsd">

	<!-- PROCESS DEFINITIONS -->

	<pub:process id="extractImageAttributes">

	<!-- Expect Input Image with name "SourceImage" and Generate two content 
		info object with name 'OutputFile' and 'ErrorFile'. -->
		<pub:activity class="com.quark.qpp.publishing.activity.ImageMagickRender">

			<description>ImageMagick Activity For Attributes Fetching</description>

			<property name="activityName">
				<value>ExtractImageAttributes</value>
			</property>

			<property name="command">
				<value>identify</value>
			</property>

			<property name="commandParameters">
				<list>
					<value>-format</value>
					<value>PageNumber=%p\nPixelWidth=%w\nPixelHeight=%h\nResolution=%x\nColorDepth=%z\nColorSpace=%r\nImage Name=%[IPTC:2:5]\nPriority=%[IPTC:2:10]\nCreated Date=%[IPTC:2:55]\nByline=%[IPTC:2:80]\nCity=%[IPTC:2:90]\nProvince State=%[IPTC:2:95]\nCountry=%[IPTC:2:101]\nOriginal Transmission Reference=%[IPTC:2:103]\nHeadline=%[IPTC:2:105]\nCredit=%[IPTC:2:110]\nCopyright String=%[IPTC:2:116]\nCaption=%[IPTC:2:120]\nCaption Writer=%[IPTC:2:122]\nKeyword=%[IPTC:2:25]\nByline Title=%[IPTC:2:85]\nCategory=%[IPTC:2:15]\nSource=%[IPTC:2:115]\nSpecial Instructions=%[IPTC:2:40]\nSupplemental Category=%[IPTC:2:20]</value>
				 </list>				
			</property>
			
			<property name="outputFileName">
				<value>param:OUTPUT_FILE_NAME</value>
			</property>
			
			<property name="outputFileExtension">
				<value>txt</value>
			</property>
			
			<property name="sourceFileExtension">
				<value>param:SOURCE_FILE_EXTENSION</value>
			</property>

			<property name="imageMagickHome">
				<value>${IMAGE_MAGICK_HOME}</value>
			</property>

		</pub:activity>
		
		<!-- Activity Streams Mapper --> 

		<pub:activity-stream-mapper>
			<property name="activityName">
				<value>ExtractImageAttributes</value>
			</property>
			<property name="inputStreamNames">
				<map>
					<entry key="SourceImage" value="RequestContent" />
				</map>
			</property>
			<property name="outputStreamNames">
				<map>
					<entry key="OutputFile" value="ImageWithAttribute" />
					<entry key="ErrorFile" value="ImageAttributesError" />
				</map>
			</property>
		</pub:activity-stream-mapper>
		
		<!-- Process OutPut -->
		<pub:deliverable-output>
			<property name="deliveryContentNames">
				<list>
					<value>ImageWithAttribute</value>
					<value>ImageAttributesError</value>		
				</list>
			</property>
		</pub:deliverable-output>
	</pub:process>

</beans>
