<?xml version="1.0" encoding="UTF-8"?>
<beans xmlns="http://www.springframework.org/schema/beans"
 xmlns:xsi="http://www.w3.org/2001/XMLSchema-instance"
 xmlns:context="http://www.springframework.org/schema/context"
 xmlns:util="http://www.springframework.org/schema/util"
 xmlns:pub="http://www.quark.com/qpp/publishing/schema"
 xsi:schemaLocation="http://www.springframework.org/schema/beans http://www.springframework.org/schema/beans/spring-beans.xsd
  http://www.springframework.org/schema/context http://www.springframework.org/schema/context/spring-context.xsd 
  http://www.springframework.org/schema/util http://www.springframework.org/schema/util/spring-util.xsd
  http://www.quark.com/qpp/publishing/schema http://www.quark.com/qpp/publishing/schema/publishingprocess.xsd">
	
	<!-- PROCESS DEFINITION -->
	<pub:process id="fetchExcelDataObject">
	
		<pub:activity class="com.quark.qpp.publishing.activity.ExtractExcelDataObject">
			<description>Extract a particular data object from the Excel</description>
			<property name="activityName">
				<value>ExtractExcelDataObject</value>
			</property>			
			<property name="excelDocumentUri">
				<value>param:EXCEL_DOCUMENT_URI</value>
			</property>				
			<property name="sheetName">
				<value>param:WORKSHEET_NAME</value>
			</property>
			<property name="dataObjectType">
				<value>param:DATA_OBJECT_TYPE</value>
			</property>
			<property name="dataObjectName">
				<value>param:DATA_OBJECT_NAME</value>
			</property>
			<property name="outputFormat">
				<value>param:OUTPUT_FORMAT</value>
			</property>
			<property name="outputFormatProperties">
				<value>param:OUTPUT_FORMAT_PROPERTIES</value>
			</property>
			<property name="excelContentType">
				<value>param:CONTENT_TYPE</value>
			</property>
		</pub:activity>
			
		<pub:activity-stream-mapper>
			<property name="activityName">
				<value>ExtractExcelDataObject</value>
			</property>
			<property name="inputStreamNames">
				<map>
					<entry key="EXCEL_DOCUMENT" value="RequestContent" />
				</map>
			</property>
			<property name="outputStreamNames">
				<map>
					<entry key="EXCEL_DATA_OBJECT" value="OUTPUT" />					
				</map>
			</property>
		</pub:activity-stream-mapper>
		
	
			
		<!-- Process OutPut -->
		<pub:deliverable-output>
			<property name="deliveryContentNames">
				<list>
					<value>OUTPUT</value>
				</list>
			</property>
		</pub:deliverable-output>
	</pub:process>
</beans>
