{
  "id" : "urn:uuid:12345",
  "title" : "Title",
  "contents" : [ {
    "socialComment" : null,
    "tags" : [ ],
    "abstract" : null,
    "id" : "template",
    "author" : null,
    "series" : null,
    "title" : "default",
    "socialImageUrl" : null,
    "socialUrl" : null,
    "titleHtml" : "default",
    "type" : "article"
  } ],
  "minimumAppVersion" : "1.0.0",
  "subtitle" : "",
  "variants" : [ {
    "orientation" : "landscape",
    "pages" : [ {
      "id" : "1454135",
      "thumbnail" : "template_AppStudioHTML_4368_733406472/assets/landscape1_thumbnail.png",
      "contents" : [ {
        "pageRef" : "1",
        "href" : "#template"
      } ],
      "properties" : {
        "height" : ""
      },
      "url" : "template_AppStudioHTML_4368_733406472/landscape1.html"
    } ],
    "fontSize" : "16"
  }, {
    "orientation" : "portrait",
    "pages" : [ {
      "id" : "1454132",
      "thumbnail" : "template_AppStudioHTML_4368_733406472/assets/portrait1_thumbnail.png",
      "contents" : [ {
        "pageRef" : "1",
        "href" : "#template"
      } ],
      "properties" : {
        "height" : ""
      },
      "url" : "template_AppStudioHTML_4368_733406472/portrait1.html"
    }],
    "fontSize" : "16"
  } ],
  "publishedDate" : "2013-01-30T00:00:00Z",
  "media" : [ ]
}