<?xml version="1.0" encoding="UTF-8"?>
<beans xmlns="http://www.springframework.org/schema/beans"
 xmlns:xsi="http://www.w3.org/2001/XMLSchema-instance"
 xmlns:context="http://www.springframework.org/schema/context"
 xmlns:util="http://www.springframework.org/schema/util"
 xmlns:pub="http://www.quark.com/qpp/publishing/schema"
 xsi:schemaLocation="http://www.springframework.org/schema/beans http://www.springframework.org/schema/beans/spring-beans.xsd
  http://www.springframework.org/schema/context http://www.springframework.org/schema/context/spring-context.xsd 
  http://www.springframework.org/schema/util http://www.springframework.org/schema/util/spring-util.xsd
  http://www.quark.com/qpp/publishing/schema http://www.quark.com/qpp/publishing/schema/publishingprocess.xsd">
	
	<!-- PROCESS DEFINITION -->
	<pub:process id="jawsRenditions">
		<pub:activity class="com.quark.qpp.publishing.activity.JawsRenderer">
			<description>Generate preview of PDF document</description>
			<property name="activityName">
				<value>JawsRenderer</value>
			</property>
			<property name="jawsHome">
				<value>${JAWS_HOME}</value>
			</property>
			<property name="previewWidth">
				<value>param:IMAGE_HEIGHT</value>
			</property>
			<property name="previewHeight">
				<value>param:IMAGE_WIDTH</value>
			</property>
			<property name="maxPagesToRender">
				<value>param:MAX_PAGES</value>
			</property>
			<property name="previewFileType">
				<value>jpg</value>
			</property>
			<property name="resolutionInDpi">
				<value>param:RESOLUTION</value>
			</property>												
		</pub:activity>
		
		<pub:activity-stream-mapper>
			<property name="activityName">
				<value>JawsRenderer</value>
			</property>
			<property name="inputStreamNames">
				<map>
					<entry key="PDF" value="RequestContent" />
				</map>
			</property>
			<property name="outputStreamNames">
				<map>
					<entry key="PREVIEWS" value="PREVIEWS" />
				</map>
			</property>
		</pub:activity-stream-mapper>
		
		<!-- Process OutPut -->
		<pub:deliverable-output>
			<property name="deliveryContentNames">
				<list>
					<value>PREVIEWS</value>
				</list>
			</property>
		</pub:deliverable-output>
		
	</pub:process>
</beans>
