<?xml version="1.0" encoding="UTF-8"?>
<beans xmlns="http://www.springframework.org/schema/beans"
	xmlns:xsi="http://www.w3.org/2001/XMLSchema-instance" xmlns:context="http://www.springframework.org/schema/context"
	xmlns:util="http://www.springframework.org/schema/util" xmlns:pub="http://www.quark.com/qpp/publishing/schema"
	xsi:schemaLocation="http://www.springframework.org/schema/beans http://www.springframework.org/schema/beans/spring-beans.xsd
  http://www.springframework.org/schema/context http://www.springframework.org/schema/context/spring-context.xsd 
  http://www.springframework.org/schema/util http://www.springframework.org/schema/util/spring-util.xsd
  http://www.quark.com/qpp/publishing/schema http://www.quark.com/qpp/publishing/schema/publishingprocess.xsd">

	<!-- PROCESS DEFINITIONS -->

	<pub:process id="renderOfficeDocument">

		<pub:activity
			class="com.quark.qpp.publishing.activity.RenderOfficeDocument">

			<description>Activity For publishing Office document</description>

			<property name="activityName">
				<value>RenderOfficeDocument</value>
			</property>

			<property name="assetId">
				<value>param:ASSET_ID</value>
			</property>

			<property name="officeContentType">
				<value>param:CONTENT_TYPE</value>
			</property>

			<property name="outputFormat">
				<value>param:OUTPUT_FORMAT</value>
			</property>

			<property name="outputFormatProperties">
				<value>param:OUTPUT_FORMAT_PROPERTIES</value>
			</property>

			<property name="outputFileName">
				<value>param:OUTPUT_FILE_NAME</value>
			</property>

			<property name="outContentName">
				<value>outContent</value>
			</property>

		</pub:activity>

		<!-- Activity Streams Mapper -->

		<pub:activity-stream-mapper>
			<property name="activityName">
				<value>RenderOfficeDocument</value>
			</property>
			<property name="inputStreamNames">
				<map>
					<entry key="SourceContent" value="RequestContent" />
				</map>
			</property>
			<property name="outputStreamNames">
				<map>
					<entry key="outContent" value="outContent" />
				</map>
			</property>
		</pub:activity-stream-mapper>

		<!-- Process OutPut -->
		<pub:deliverable-output>
			<property name="deliveryContentNames">
				<list>
					<value>outContent</value>
				</list>
			</property>
		</pub:deliverable-output>
	</pub:process>

</beans>
