<?xml version="1.0" encoding="UTF-8"?>

<beans xmlns="http://www.springframework.org/schema/beans"
 xmlns:xsi="http://www.w3.org/2001/XMLSchema-instance"
 xsi:schemaLocation="http://www.springframework.org/schema/beans http://www.springframework.org/schema/beans/spring-beans.xsd">
 		
	<bean id="publishingMBean" class="com.quark.qpp.publishing.util.PublishingMBean">
		
		<!-- To save publishing data in case of publishing failure, set this flag as true. -->
		<property name="savePublishingDataOnError" value="false"/>
		
		<!-- Specify the rescue-folder path where publishing data is to be saved in case of any publishing failure.
	 		If not specified, a default rescue-folder with name "PublishingRescueFolder" will be created in the current working directory. -->
		<property name="rescueFolderPath" value=""/>
		
		<!-- Uncomment this property and set appropriate value to set maxParallelism globally such that setting this value 
		will even override channel level maxParallelism value
		<property name="referenceResolutionMaxParallelism" value="16"/> --> 
		
	</bean>
	<bean id="publishingMBeansExporter" class="org.springframework.jmx.export.MBeanExporter" >
    	 <property name="beans">
			<map>
 				<entry key="QPP Server:name=Publishing" value-ref="publishingMBean"/>				
			</map>
		</property> 
		<property name="server" ref="jmxServer"/>
	</bean>
	
</beans>
