<?xml version="1.0" encoding="UTF-8"?>
<beans xmlns="http://www.springframework.org/schema/beans"
	xmlns:xsi="http://www.w3.org/2001/XMLSchema-instance" xmlns:context="http://www.springframework.org/schema/context"
	xmlns:util="http://www.springframework.org/schema/util" xmlns:pub="http://www.quark.com/qpp/publishing/schema"
	xsi:schemaLocation="http://www.springframework.org/schema/beans http://www.springframework.org/schema/beans/spring-beans.xsd
  http://www.springframework.org/schema/context http://www.springframework.org/schema/context/spring-context.xsd 
  http://www.springframework.org/schema/util http://www.springframework.org/schema/util/spring-util.xsd
  http://www.quark.com/qpp/publishing/schema http://www.quark.com/qpp/publishing/schema/publishingprocess.xsd">

	<!-- PROCESS DEFINITIONS -->

	<pub:process id="qppThumbnailConverter">
		
		<pub:activity class="com.quark.qpp.publishing.activity.ImageMagickRender">

			<description>ImageMagick Activity To Resize Source Image</description>

			<property name="activityName">
				<value>ConvertImage</value>
			</property>

			<property name="command">
				<value>convert</value>
			</property>

			<property name="commandParameters">
				<list>
					<value>-thumbnail</value>
					<value>192x192&gt;</value>															
				</list>				
			</property>

			<property name="outputFileExtension">
				<value>jpg</value>
			</property>
						
			<property name="outputFileName">
				<value>param:OUTPUT_FILE_NAME</value>
			</property>
			
			<property name="sourceFileExtension">
				<value>param:SOURCE_FILE_EXTENSION</value>
			</property>

			<property name="imageMagickHome">
				<value>${IMAGE_MAGICK_HOME}</value>
			</property>

		</pub:activity>

		<!-- Activity Streams Mapper --> 
	
		<pub:activity-stream-mapper>
			<property name="activityName">
				<value>ConvertImage</value>
			</property>
			<property name="inputStreamNames">
				<map>
					<entry key="SourceImage" value="RequestContent" />
				</map>
			</property>
			<property name="outputStreamNames">
				<map>
					<entry key="OutputFile" value="ResizeImge" />
					<entry key="ErrorFile" value="ResizeImageError" />
				</map>
			</property>
		</pub:activity-stream-mapper>
	
		<!-- Process OutPut -->
		<pub:deliverable-output>
			<property name="deliveryContentNames">
				<list>
					<value>ResizeImge</value>
					<value>ResizeImageError</value>					
				</list>
			</property>
		</pub:deliverable-output>
	</pub:process>

</beans>
