<?xml version="1.0" encoding="UTF-8"?>
<beans xmlns="http://www.springframework.org/schema/beans"
	xmlns:xsi="http://www.w3.org/2001/XMLSchema-instance" xmlns:context="http://www.springframework.org/schema/context"
	xmlns:util="http://www.springframework.org/schema/util" xmlns:pub="http://www.quark.com/qpp/publishing/schema"
	xsi:schemaLocation="http://www.springframework.org/schema/beans http://www.springframework.org/schema/beans/spring-beans.xsd
  http://www.springframework.org/schema/context http://www.springframework.org/schema/context/spring-context.xsd 
  http://www.springframework.org/schema/util http://www.springframework.org/schema/util/spring-util.xsd
  http://www.quark.com/qpp/publishing/schema http://www.quark.com/qpp/publishing/schema/publishingprocess.xsd">

	<!-- PROCESS DEFINITION -->
	<pub:process id="qxpToAppStudioPackage">
		
		<!-- 
			Expect Input content with name 'Asset' and download attachments (output 
			content name) with name 'AssetWithAttributes'. 
			Other activities down the chain can access values of required attributes 
			with their content info getAttribute(QPPAttributeId) method
		-->
		<pub:activity class="com.quark.qpp.publishing.activity.GetQPPAttributes">
			<description>Resolve all attachments of input primary asset</description>
			<property name="activityName">
				<value>GetQppAttributes</value>
			</property>
			<property name="assetId">
				<value>param:ASSET_ID</value>
			</property>
			<property name="attributeNames">
				<list>
					<value>Id</value>
					<value>Name</value>
					<value>File extension</value>
				</list>
			</property>
		</pub:activity>
		
		<!-- 
			This activity download attachments (output 
			content name) with name 'AssetWithAttributes' for the asset whose id is given.
			Other activities down the chain can access values of required attributes 
			with their content info getAttribute(QPPAttributeId) method
		-->
		<pub:activity class="com.quark.qpp.publishing.activity.GetQPPAttachments">
			<description>Resolve all attachments of input primary asset</description>
			<property name="activityName">
				<value>GetQppAttachments</value>
			</property>
			<property name="assetId">
				<value>param:ASSET_ID</value>
			</property>
			<property name="attachmentAttributeNames">
				<list>
					<value>Id</value>
					<value>Name</value>
					<value>File extension</value>
				</list>
			</property>
		</pub:activity>
		
		<!-- 
			Expect Two input contents. One with name 'QXP' and other with 
			'QXPAttachment'. Output content name will be 'QXPOUTPUT'. 
		-->
		<pub:activity class="com.quark.qpp.publishing.activity.QxpsRender">
			<description>Converts a QXP or QCD input to other formats</description>
			<property name="activityName">
				<value>QxpsRender</value>
			</property>
			<property name="qxpsmSessionTime">
				<value>300000</value>
			</property>			
			<property name="sourceFormat">
				<value>param:SOURCE_FORMAT</value>
			</property>
			<property name="renderFormat">
				<value>param:RENDER_FORMAT</value>
			</property>
			<property name="spreadView">
				<value>param:SPREAD_VIEW</value>
			</property>
			<property name="layoutId">
				<value>param:LAYOUT</value>
			</property>
			<property name="scale">
				<value>param:SCALE</value>
			</property>
			<property name="outputStyle">
				<value>param:OUTPUT_STYLE</value>
			</property>
			<property name="assetId">
				<value>param:ASSET_ID</value>
			</property>
			<property name="organization">
				<value>param:ORGANIZATION</value>
			</property>
			<property name="publication">
				<value>param:PUBLICATION</value>
			</property>
			<property name="issue">
				<value>param:ISSUE</value>
			</property>
			<property name="articleTitle">
				<value>param:ARTICLE_TITLE</value>
			</property>
			<property name="articleSource">
				<value>param:ARTICLE_SOURCE</value>
			</property>
			<property name="upload">
				<value>false</value>
			</property>
			<!-- Name of the user to be logged on to AppStudio -->
			<property name="username">
				<value>param:USERNAME</value>
			</property>
			<!-- Password of the user to be logged on to AppStudio -->
			<property name="password">
				<value>param:PASSWORD</value>				
			</property>
			<property name="convertSectionToPages">
				<value>param:CONVERT_SECTIONS_TO_PAGE_STACK</value>
			</property>
		</pub:activity>	
		
		
		<pub:activity class="com.quark.qpp.publishing.activity.AppStudioArticleToIssueConverter">
			<description>This activity takes AppStudio Article zip as input content. Creates isson.json file and appends this file to the 
				 input App Studio article and finally returns App Studio Package.</description>
			<property name="activityName">
				<value>AppStudioArticleToIssueConverter</value>
			</property>	
			<property name="title">
				<value>param:TITLE</value>
			</property>
			<property name="subTitle">
				<value>param:SUB_TITLE</value>
			</property>
			<property name="publishedDate">
				<value>param:PUBLISHED_DATE</value>
			</property>
			<property name="issueId">
				<value>param:ISSUE_ID</value>
			</property>
			<property name="direction">
				<value>param:READING_DIRECTION</value>
			</property>
		</pub:activity>
				
		<!-- Activity Streams Mapper -->
		<pub:activity-stream-mapper>
			<property name="activityName">
				<value>GetQppAttributes</value>
			</property>
			<property name="inputStreamNames">
				<map>
					<entry key="Asset" value="RequestContent" />
				</map>
			</property>
			<property name="outputStreamNames">
				<map>
					<entry key="AssetWithAttributes" value="AssetWithAttributes" />
				</map>
			</property>
		</pub:activity-stream-mapper>
		
		<pub:activity-stream-mapper>
			<property name="activityName">
				<value>GetQppAttachments</value>
			</property>
			<property name="outputStreamNames">
				<map>
					<entry key="Attachment" value="Attachment" />
				</map>
			</property>
		</pub:activity-stream-mapper>
		
		<pub:activity-stream-mapper>
			<property name="activityName">
				<value>QxpsRender</value>
			</property>
			<property name="inputStreamNames">
				<map>
					<entry key="QXP" value="AssetWithAttributes" />
					<entry key="QXPAttachment" value="Attachment" />
				</map>
			</property>
			<property name="outputStreamNames">
				<map>
					<entry key="QxpsRenderOutput" value="QxpsRenderOutput" />
				</map>
			</property>
		</pub:activity-stream-mapper>
		
		<pub:activity-stream-mapper>
			<property name="activityName">
				<value>AppStudioArticleToIssueConverter</value>
			</property>
			<property name="inputStreamNames">
				<map>
					<entry key="AppStudioArticle" value="QxpsRenderOutput" />
				</map>
			</property>
			<property name="outputStreamNames">
				<map>
					<entry key="AppStudioIssuePackage" value="AppStudioPackage" />
				</map>
			</property>
		</pub:activity-stream-mapper>

		<!-- Process OutPut -->
		<pub:deliverable-output>
			<property name="deliveryContentNames">
				<list>
					<value>AppStudioPackage</value>
				</list>
			</property>
		</pub:deliverable-output>

	</pub:process>
</beans>
