<?xml version="1.0" encoding="UTF-8"?>
<beans xmlns="http://www.springframework.org/schema/beans"
	xmlns:xsi="http://www.w3.org/2001/XMLSchema-instance" xmlns:context="http://www.springframework.org/schema/context"
	xmlns:util="http://www.springframework.org/schema/util" xmlns:pub="http://www.quark.com/qpp/publishing/schema"
	xsi:schemaLocation="http://www.springframework.org/schema/beans http://www.springframework.org/schema/beans/spring-beans.xsd
  http://www.springframework.org/schema/context http://www.springframework.org/schema/context/spring-context.xsd 
  http://www.springframework.org/schema/util http://www.springframework.org/schema/util/spring-util.xsd
  http://www.quark.com/qpp/publishing/schema http://www.quark.com/qpp/publishing/schema/publishingprocess.xsd">


	<!-- PROCESS DEFINITIONS -->
	<pub:process id="sendToFTPServer">
		<!-- A process to send file(s)/folder(s) to FTP Server. -->
		<pub:activity class="com.quark.qpp.publishing.activity.SendToFTPServer">
			<description>An activity that sends (i.e. adds / updates) content in FTP Server at the specified folder path.</description>
			<property name="activityName">
				<value>SendToFTPServer</value>
			</property>
			<property name="serverName">
				<value>PARAM:SERVER_NAME</value>
			</property>
			<property name="serverPort">
				<value>PARAM:SERVER_PORT</value>
			</property>
			<property name="useFTPS">
				<value>PARAM:USE_FTPS</value>
			</property>
			<property name="folderPath">
				<value>PARAM:FOLDER_PATH</value>
			</property>
			<property name="userName">
				<value>PARAM:USER_NAME</value>
			</property>
			<property name="password">
				<value>PARAM:PASSWORD</value>
			</property>
			<property name="overwriteExisting">
				<value>PARAM:OVERWRITE_EXISTING</value>
			</property>
			<property name="outContentFileName">
				<value>PARAM:NAME</value>
			</property>
		</pub:activity>

		<pub:activity-stream-mapper>
			<property name="activityName">
				<value>SendToFTPServer</value>
			</property>
			<property name="inputStreamNames">
				<map>
					<entry key="SourceContent" value="RequestContent"/>
				</map>
			</property>
		</pub:activity-stream-mapper>

	</pub:process>

</beans>