<?xml version="1.0" encoding="UTF-8"?>
<beans xmlns="http://www.springframework.org/schema/beans"
	xmlns:xsi="http://www.w3.org/2001/XMLSchema-instance" xmlns:context="http://www.springframework.org/schema/context"
	xmlns:util="http://www.springframework.org/schema/util" xmlns:pub="http://www.quark.com/qpp/publishing/schema"
	xsi:schemaLocation="http://www.springframework.org/schema/beans http://www.springframework.org/schema/beans/spring-beans.xsd
  http://www.springframework.org/schema/context http://www.springframework.org/schema/context/spring-context.xsd 
  http://www.springframework.org/schema/util http://www.springframework.org/schema/util/spring-util.xsd
  http://www.quark.com/qpp/publishing/schema http://www.quark.com/qpp/publishing/schema/publishingprocess.xsd">


	<!-- PROCESS DEFINITIONS -->
	<pub:process id="sendIssueToWebReaderInPlatform">
		<pub:activity class="com.quark.qpp.publishing.activity.UnzipFile">
			<description></description>
			<property name="activityName">
				<value>UnzipFile</value>
			</property>			
		</pub:activity>
		
		<pub:activity class="com.quark.qpp.publishing.activity.CheckInToPlatform">
			<description>This activity checks in an asset and creates relations
				provided the child assets are already checked in.</description>
			<property name="activityName">
				<value>CheckInIssueFolderToPlatform</value>
			</property>
			<property name="checkinType"> 
				<value>FOLDER</value>
			</property>
			
			<!-- Refers to the METADATA_XML param for metadata required to checkIn 
				into QPP Server. Sample Xml : <attributeValueList><attributeValue 
				id="2">project_martin8</attributeValue></attributeValueList> -->
			<property name="metadataXml">
				<value>param:METADATA_XML</value>
			</property>
		
			<!-- Refers to the RELATIONS_XML param for metadata required to 
				create relations between the asset being checkIn as parent asset and already 
				existing child assets.
				Sample Xml : <assetRelationInfoList> <assetRelationInfo relationType="XML 
				Component Reference" childAssetId="32"> <attributeValueList> <attributeValue 
				name="XPATH">xpathValue_new</attributeValue> </attributeValueList> </assetRelationInfo> 
				</assetRelationInfoList> -->
			<property name="relationsXml">
				<value>param:RELATIONS_XML</value>
			</property>
			<property name="overwriteExisting"> <!-- If the checkinType if FOLDER or UNZIP and this property is set to true, activity would delete the given collection if the given collection already exists-->
				<value>param:OVERWRITE_EXISTING</value>
			</property>	
		</pub:activity>
		
		<pub:activity class="com.quark.qpp.publishing.activity.SearchAssetsInPlatform">
			<description>An activity that searches assets in platform. Search can be made either based on search name or set of attribute conditions</description>
			<property name="activityName">
				<value>SearchAssetsInPlatform</value>
			</property>
			<property name="searchName">
				<value>PARAM:SEARCH_NAME</value>
			</property>
			<property name="searchAttributes">
				<map>
					<!-- <entry key="name" value="Desert.jpg"/> -->
					<entry key="collection path" value="param:ISSUES_HOME"/>
					<entry key="Name" value="application-config.json"/>
				</map>
			</property>
			<property name="displayAttributes">
				<list>
					<value>name</value>
					<value>collection path</value>
				</list>
			</property>
			<property name="getHighres">
				<value>true</value>
			</property>
		</pub:activity>

		<pub:activity class="com.quark.qpp.publishing.activity.UpdateAppConfigJson">
			<description></description>
			<property name="activityName">
				<value>UpdateAppConfigJson</value>
			</property>
			<property name="appConfigJsonName">
				<value>application-config.json</value>
			</property>
			<property name="inContentAppConfigJson"> 
				<value>AppConfig</value>
			</property>
			<property name="inContentIssueFolder"> 
				<value>IssueFolder</value>
			</property>
			<property name="outContentUpdatedAppConfigJson"> 
				<value>UpdatedAppConfig</value>
			</property>
			<property name="isFree"> 
				<value>param:IS_FREE</value>
			</property>
			<property name="description"> 
				<value>param:DESCRIPTION</value>
			</property>
			<property name="lastPublishedDate"> 
				<value>param:LAST_PUBLISHED_DATE</value>
			</property>
			<property name="attributeToMap">
				<list>
					<value>id</value> 
					<value>title</value>
					<value>subtitle</value>	
					<value>publishedDate</value>					
				</list>
			</property>						
		</pub:activity>		
		
		<pub:activity class="com.quark.qpp.publishing.activity.SearchAssetsInPlatform">
			<description>An activity that searches assets in platform. Search can be made either based on search name or set of attribute conditions</description>
			<property name="activityName">
				<value>GetAppConfigMetadataXML</value>
			</property>
			<property name="searchName">
				<value>PARAM:SEARCH_NAME</value>
			</property>
			<property name="searchAttributes">
				<map>
					<!-- <entry key="name" value="Desert.jpg"/> -->
					<entry key="collection path" value="param:ISSUES_HOME"/>
					<entry key="Name" value="application-config.json"/>
				</map>
			</property>
			<property name="displayAttributes">
				<list>
					<value>Name</value>
					<value>collection path</value>
					<value>Workflow</value>
					<value>Status</value>
				</list>
			</property>
			<property name="getHighres">
				<value>false</value>
			</property>
		</pub:activity>
		
		<pub:activity class="com.quark.qpp.publishing.activity.CheckInToPlatform">
			<description>This activity checks in an asset and creates relations
				provided the child assets are already checked in.</description>
			<property name="activityName">
				<value>SaveAppConfigToPlatform</value>
			</property>
			<property name="checkinType"> 
				<value>FILE</value>
			</property>
		</pub:activity>
		
		<pub:activity-stream-mapper>
			<property name="activityName">
				<value>UnzipFile</value>
			</property>
			<property name="inputStreamNames">
				<map>
					<entry key="ZipFile" value="RequestContent" />
				</map>
			</property>
			<property name="outputStreamNames">
				<map>
					<entry key="UnZippedFolder" value="IssueFolder" />					
				</map>
			</property>
		</pub:activity-stream-mapper>
		
		<pub:activity-stream-mapper>
			<property name="activityName">
				<value>CheckInIssueFolderToPlatform</value>
			</property>
			<property name="inputStreamNames">
				<map>
					<entry key="SourceContent" value="IssueFolder" />
				</map>
			</property>			
		</pub:activity-stream-mapper>
		
		<pub:activity-stream-mapper>
			<property name="activityName">
				<value>SearchAssetsInPlatform</value>
			</property>			
			<property name="outputStreamNames"> 
				<map>
					<entry key="OutContent" value="AppConfig" />					
				</map>
			</property>				
		</pub:activity-stream-mapper>
		
		
		<pub:activity-stream-mapper>
			<property name="activityName">
				<value>UpdateAppConfigJson</value>
			</property>
			<property name="inputStreamNames">
				<map>
					<entry key="AppConfig" value="AppConfig" />
					<entry key="IssueFolder" value="IssueFolder" />
				</map>
			</property>		
			<property name="outputStreamNames"> 
				<map>
					<entry key="UpdatedAppConfig" value="UpdatedAppConfig" />					
				</map>
			</property>		
		</pub:activity-stream-mapper>
		
		
		<pub:activity-stream-mapper>
			<property name="activityName">
				<value>GetAppConfigMetadataXML</value>
			</property>			
			<property name="outputStreamNames"> 
				<map>
					<entry key="OutContent" value="AppConfigMetaDataXML" />					
				</map>
			</property>				
		</pub:activity-stream-mapper>
		
		
		<pub:activity-stream-mapper>
			<property name="activityName">
				<value>SaveAppConfigToPlatform</value>
			</property>
			<property name="inputStreamNames">
				<map>
					<entry key="SourceContent" value="UpdatedAppConfig" />
					<entry key="MainAssetMetadataXML" value="AppConfigMetaDataXML" />
				</map>
			</property>			
		</pub:activity-stream-mapper>
				
	</pub:process>

</beans>