<?xml version="1.0" encoding="UTF-8"?>
<beans xmlns="http://www.springframework.org/schema/beans"
	xmlns:xsi="http://www.w3.org/2001/XMLSchema-instance" xmlns:context="http://www.springframework.org/schema/context"
	xmlns:util="http://www.springframework.org/schema/util" xmlns:pub="http://www.quark.com/qpp/publishing/schema"
	xsi:schemaLocation="http://www.springframework.org/schema/beans http://www.springframework.org/schema/beans/spring-beans.xsd
  http://www.springframework.org/schema/context http://www.springframework.org/schema/context/spring-context.xsd 
  http://www.springframework.org/schema/util http://www.springframework.org/schema/util/spring-util.xsd
  http://www.quark.com/qpp/publishing/schema http://www.quark.com/qpp/publishing/schema/publishingprocess.xsd">


	<!-- PROCESS DEFINITIONS -->
	<pub:process id="sendIssueToWebReaderInFTPServer">

		<pub:activity class="com.quark.qpp.publishing.activity.UnzipFile">
			<description>This activity unzips the App Studio Package i.e. a zip file.</description>
			<property name="activityName">
				<value>UnzipFile</value>
			</property>
		</pub:activity>

		<pub:activity class="com.quark.qpp.publishing.activity.SendToFTPServer">
			<description>An activity that sends (i.e. adds / updates) content in
				FTP Server at the specified folder path.
			</description>
			<property name="activityName">
				<value>SendToFTPServer</value>
			</property>
			<property name="serverName">
				<value>PARAM:SERVER_NAME</value>
			</property>
			<property name="serverPort">
				<value>PARAM:SERVER_PORT</value>
			</property>
			<property name="useFTPS">
				<value>PARAM:USE_FTPS</value>
			</property>
			<property name="folderPath">
				<value>PARAM:FOLDER_PATH</value>
			</property>
			<property name="userName">
				<value>PARAM:USER_NAME</value>
			</property>
			<property name="password">
				<value>PARAM:PASSWORD</value>
			</property>
			<property name="overwriteExisting">
				<value>param:OVERWRITE_EXISTING</value>
			</property>
		</pub:activity>

		<pub:activity
			class="com.quark.qpp.publishing.activity.GetContentFromFTPServer">
			<description>An activity that gets content (file/folder) from FTP Server.</description>
			<property name="activityName">
				<value>GetContentFromFTPServer</value>
			</property>
			<property name="serverName">
				<value>PARAM:SERVER_NAME</value>
			</property>
			<property name="serverPort">
				<value>PARAM:SERVER_PORT</value>
			</property>
			<property name="useFTPS">
				<value>PARAM:USE_FTPS</value>
			</property>
			<property name="folderPath">
				<value>PARAM:FOLDER_PATH</value>
			</property>
			<property name="fileName">
				<value>application-config.json</value>
			</property>
			<property name="userName">
				<value>PARAM:USER_NAME</value>
			</property>
			<property name="password">
				<value>PARAM:PASSWORD</value>
			</property>
		</pub:activity>

		<pub:activity class="com.quark.qpp.publishing.activity.UpdateAppConfigJson">
			<description>An activity that updates application config of web reader.</description>
			<property name="activityName">
				<value>UpdateAppConfigJson</value>
			</property>
			<property name="appConfigJsonName">
				<value>application-config.json</value>
			</property>
			<property name="inContentAppConfigJson">
				<value>AppConfig</value>
			</property>
			<property name="inContentIssueFolder">
				<value>IssueFolder</value>
			</property>
			<property name="outContentUpdatedAppConfigJson">
				<value>UpdatedAppConfig</value>
			</property>
			<property name="isFree">
				<value>param:IS_FREE</value>
			</property>
			<property name="description">
				<value>param:DESCRIPTION</value>
			</property>
			<property name="lastPublishedDate">
				<value>param:LAST_PUBLISHED_DATE</value>
			</property>
			<property name="attributeToMap">
				<list>
					<value>id</value>
					<value>title</value>
					<value>subtitle</value>
					<value>publishedDate</value>
				</list>
			</property>
		</pub:activity>


		<pub:activity class="com.quark.qpp.publishing.activity.SendToFTPServer">
			<description>An activity that sends (i.e. adds / updates) content in
				FTP Server at the specified folder path.
			</description>
			<property name="activityName">
				<value>SendAppConfigToFTPServer</value>
			</property>
			<property name="serverName">
				<value>PARAM:SERVER_NAME</value>
			</property>
			<property name="serverPort">
				<value>PARAM:SERVER_PORT</value>
			</property>
			<property name="useFTPS">
				<value>PARAM:USE_FTPS</value>
			</property>
			<property name="folderPath">
				<value>PARAM:FOLDER_PATH</value>
			</property>
			<property name="userName">
				<value>PARAM:USER_NAME</value>
			</property>
			<property name="password">
				<value>PARAM:PASSWORD</value>
			</property>
			<property name="overwriteExisting">
				<value>true</value>
			</property>
		</pub:activity>


		<pub:activity-stream-mapper>
			<property name="activityName">
				<value>UnzipFile</value>
			</property>
			<property name="inputStreamNames">
				<map>
					<entry key="ZipFile" value="RequestContent" />
				</map>
			</property>
			<property name="outputStreamNames">
				<map>
					<entry key="UnZippedFolder" value="IssueFolder" />
				</map>
			</property>
		</pub:activity-stream-mapper>

		<pub:activity-stream-mapper>
			<property name="activityName">
				<value>SendToFTPServer</value>
			</property>
			<property name="inputStreamNames">
				<map>
					<entry key="SourceContent" value="IssueFolder" />
				</map>
			</property>
		</pub:activity-stream-mapper>

		<pub:activity-stream-mapper>
			<property name="activityName">
				<value>GetContentFromFTPServer</value>
			</property>
			<property name="outputStreamNames">
				<map>
					<entry key="OutContent" value="AppConfig" />
				</map>
			</property>
		</pub:activity-stream-mapper>

		<pub:activity-stream-mapper>
			<property name="activityName">
				<value>UpdateAppConfigJson</value>
			</property>
			<property name="inputStreamNames">
				<map>
					<entry key="AppConfig" value="AppConfig" />
					<entry key="IssueFolder" value="IssueFolder" />
				</map>
			</property>
			<property name="outputStreamNames">
				<map>
					<entry key="UpdatedAppConfig" value="UpdatedAppConfig" />
				</map>
			</property>
		</pub:activity-stream-mapper>

		<pub:activity-stream-mapper>
			<property name="activityName">
				<value>SendAppConfigToFTPServer</value>
			</property>
			<property name="inputStreamNames">
				<map>
					<entry key="SourceContent" value="UpdatedAppConfig" />
				</map>
			</property>
		</pub:activity-stream-mapper>


	</pub:process>

</beans>