<?xml version="1.0" encoding="UTF-8"?>
<beans xmlns="http://www.springframework.org/schema/beans"
	xmlns:xsi="http://www.w3.org/2001/XMLSchema-instance" xmlns:context="http://www.springframework.org/schema/context"
	xmlns:util="http://www.springframework.org/schema/util" xmlns:pub="http://www.quark.com/qpp/publishing/schema"
	xsi:schemaLocation="http://www.springframework.org/schema/beans http://www.springframework.org/schema/beans/spring-beans.xsd
  http://www.springframework.org/schema/context http://www.springframework.org/schema/context/spring-context.xsd 
  http://www.springframework.org/schema/util http://www.springframework.org/schema/util/spring-util.xsd
  http://www.quark.com/qpp/publishing/schema http://www.quark.com/qpp/publishing/schema/publishingprocess.xsd">

	<!-- PROCESS DEFINITIONS -->
	<pub:process id="sendEmail">

		<!-- This activity send all the files associated with content with name 
			'MailAttachment' as an email attachments. -->
		<pub:activity class="com.quark.qpp.publishing.activity.SendEmail">

			<description>Send input content as an email attachments</description>

			<property name="activityName">
				<value>SendEmail</value>
			</property>

			<property name="exchangeServer">
				<value>param:EXCHANGE_SERVER</value>
			</property>

			<property name="senderEmailId">
				<value>param:SENDER_EMAIL_ID</value>
			</property>

			<property name="recipientEmailIds">
				<list>
					<value>param:RECIPIENT_EMAIL_IDS</value>
				</list>
			</property>
			<property name="messageSubject">
				<value>param:SUBJECT</value>
			</property>

			<property name="sendFileAsAttachment">
				<value>param:SEND_AS_ATTACHMENT</value>
			</property>
			<property name="messageBody">
				<value>param:MESSAGE</value>
			</property>

			<property name="outContentFileName">
				<value>param:NAME</value>
			</property>
			
		</pub:activity>

		<!-- Activity Streams Mapper -->

		<pub:activity-stream-mapper>
			<property name="activityName">
				<value>SendEmail</value>
			</property>
			<property name="inputStreamNames">
				<map>
					<entry key="MailAttachment" value="RequestContent" />
				</map>
			</property>
		</pub:activity-stream-mapper>

	</pub:process>
</beans>
