<?xml version="1.0" encoding="UTF-8"?>
<beans xmlns="http://www.springframework.org/schema/beans"
	xmlns:xsi="http://www.w3.org/2001/XMLSchema-instance" xmlns:context="http://www.springframework.org/schema/context"
	xmlns:util="http://www.springframework.org/schema/util" xmlns:pub="http://www.quark.com/qpp/publishing/schema"
	xsi:schemaLocation="http://www.springframework.org/schema/beans http://www.springframework.org/schema/beans/spring-beans.xsd
  http://www.springframework.org/schema/context http://www.springframework.org/schema/context/spring-context.xsd 
  http://www.springframework.org/schema/util http://www.springframework.org/schema/util/spring-util.xsd
  http://www.quark.com/qpp/publishing/schema http://www.quark.com/qpp/publishing/schema/publishingprocess.xsd">


	<!-- PROCESS DEFINITIONS -->
	<pub:process id="sendToFileSystem">
		<pub:activity class="com.quark.qpp.publishing.activity.SendToFileSystem">
			<description></description>
			<property name="activityName">
				<value>SendToFileSystem</value>
			</property>
			<property name="inContentName">
				<value>SourceContent</value>
			</property>			
			<property name="targetLocation">
				<value>param:TARGET_LOCATION</value>
			</property>
			<property name="overWriteExisting">
				<value>param:OVERWRITE_EXISTING</value>
			</property>
			<property name="outContentFileName">
				<value>param:NAME</value>
			</property>				
		</pub:activity>

		<pub:activity-stream-mapper>
			<property name="activityName">
				<value>SendToFileSystem</value>
			</property>
			<property name="inputStreamNames">
				<map>
					<entry key="SourceContent" value="RequestContent"/>
				</map>
			</property>
		</pub:activity-stream-mapper>

	</pub:process>

</beans>