<?xml version="1.0" encoding="UTF-8"?>
<beans xmlns="http://www.springframework.org/schema/beans"
 xmlns:xsi="http://www.w3.org/2001/XMLSchema-instance"
 xmlns:context="http://www.springframework.org/schema/context"
 xmlns:util="http://www.springframework.org/schema/util"
 xmlns:pub="http://www.quark.com/qpp/publishing/schema"
 xsi:schemaLocation="http://www.springframework.org/schema/beans http://www.springframework.org/schema/beans/spring-beans.xsd
  http://www.springframework.org/schema/context http://www.springframework.org/schema/context/spring-context.xsd
  http://www.springframework.org/schema/util http://www.springframework.org/schema/util/spring-util.xsd
  http://www.quark.com/qpp/publishing/schema http://www.quark.com/qpp/publishing/schema/publishingprocess.xsd">

	<!-- PROCESS DEFINITIONS -->
	<pub:process id="smartDocToHtmlRenderer">

	<pub:activity class="com.quark.qpp.publishing.activity.UnzipXaDocumentPackage">
			<description>Unzips and registers XA document file along with the dependencies supplied in the zip file.</description>
			<property name="activityName">
				<value>UnzipXaDocumentPackage</value>
			</property>
			<property name="mainDitaDocNameInZip">
				<value>MainDoc.xml</value>
			</property>
		</pub:activity>
		
		<pub:activity class="com.quark.qpp.publishing.activity.FetchPlatformAssetMetadata">
			<description>Fetch asset metadata from platform if the supplied asset is sourced from the Platform. Id of the asset is determined from the channel parameter 'ASSET_ID'</description>
			<property name="activityName">
				<value>FetchPlatformAssetMetadata</value>
			</property>
			<property name="assetId">
				<value>param:ASSET_ID</value>
			</property>
		</pub:activity>			

		<pub:activity class="com.quark.qpp.publishing.activity.ResolveXADocReferences">
			<description>Resolve all attachments of input primary asset</description>
			<property name="activityName">
				<value>ResolveQppAttachmentsFromXaDoc</value>
			</property>
			<property name="assetId">
				<value>param:ASSET_ID</value>
			</property>
			<property name="resolveQppRelations">
				<value>param:RESOLVE_QPP_RELATIONS</value>
			</property>	
			<property name="namingScheme">
				<value>dita</value>
			</property>
			<!--  XPath expression pointing to element nodes containing references-->
			<property name="xpathExpression">
				<value>//*[@href][not(local-name()='xref')][not(local-name()='object')][not(local-name()='image')] | //*[local-name()='image'][@href][not(starts-with(@href,'http:'))] | //*[local-name()='object'][@href][not(starts-with(@href,'http:'))] | //*[@conref] | //xref[not(@format) or @format='dita' or @format='ditamap']</value>
			</property>
			<!-- List of attribute names to be used as referenced attributes in the elements nodes evaluated by either above mentioned XPath or xpath relation attribute in case of QPP relations.
			     Any of the below mentioned references attribute that matches first would be considered. -->
			<!-- Namespaced attributes should be specified with their appropriate prefix prefix for example: 	<value>xlink:href</value> -->
			<property name="referenceAttributesList">
				<list>
					<value>conref</value>
					<value>href</value>
				</list>
			</property>
			<!--XPath expression to file extension map to be used for resolving base64-encoded binary images -->
			<property name="xpathToFileExtMapForBinaryImages">
				<map>
					<entry key="//image[not(@href) and @content-type='gif']" value="gif"/>
				</map>
			</property>
			<!-- Name of the reference attribute which is created in the binary image tag (fetched from xpath). Value of this attribute would be name of the temp file created from the binary data-->
			<property name="binaryImageRefAttribute">
				<value>href</value>
			</property>
			
			<!-- Excel, Visio, PowerPoint and Charts data rendering properties to be overridden for publishing -->
			<property name="dataRenderingParametersMap">
				<map>
					<entry key="qpp://office/excel">
				<map>
					<entry key="imageformat" value="PARAM:EXCEL_DATA_IMAGE_FORMAT"/>						
				</map>
					</entry>
					<entry key="qpp://charts">
				<map>
					<entry key="outputformat" value="PARAM:CHART_OUTPUT_FORMAT"/>
					<entry key="imageformat" value="PARAM:CHART_IMAGE_FORMAT"/>
				</map>
					</entry>
					<entry key="qpp://office/visio">
						<map>
	    					<entry key="imageformat" value="PARAM:VISIO_DATA_IMAGE_FORMAT"/>
						</map>
					</entry>
					<entry key="qpp://office/powerpoint">
						<map>
	        				<entry key="imageformat" value="PARAM:POWERPOINT_DATA_IMAGE_FORMAT"/>
	    				</map>
					</entry>					
				</map>
			</property>
		</pub:activity>
		
		<pub:activity class="com.quark.qpp.publishing.activity.FilterData">
		 	<description>Filters data into following categories: 
			 	1)Which can be rendered in directly in HTML based on the mime-type exclusions. 
			 	2)PDF Files 
			 	3)Image files which cannot be rendered directly in HTML. Like pcx, eps etc..</description>
		 	<property name="activityName">
				<value>FilterData</value>
			</property>
			
			<!-- Content of following mime-types will be excluded from the conversion-->
			<property name="mimeTypesExclusions">
				<list>
					<value>image/jpeg</value>
					<value>image/jpg</value>
					<value>image/png</value>
					<value>image/gif</value>
					<value>image/svg+xml</value>
				</list>
			</property>
			
			<property name="htmlDependencies">
				<list>
					<value>classpath:jquery.min.js</value>
					<value>classpath:XMLtoHTML.css</value>
					<value>classpath:w3.css</value>
				</list>
			</property>
		</pub:activity>
		
		<pub:activity class="com.quark.qpp.publishing.activity.ProcessSVG">
		 	<description>This activity processes SVG files. It adds a unique id to the SVG 
		 		elements so that multiple SVGs don't have elements with same id.</description>
		 	<property name="activityName">
				<value>ProcessSVG</value>
			</property>
		</pub:activity>
		
		<pub:activity class="com.quark.qpp.publishing.activity.ImageMagickRender">
			<description>ImageMagick Activity To Resize Source Image</description>
			<property name="activityName">
				<value>ConvertImage</value>
			</property>
			<property name="command">
				<value>convert</value>
			</property>
			<property name="commandParameters">
				<list>
					<!-- <value>-density</value>
					<value>72</value> -->
				</list>				
			</property>
			<property name="outputFileExtension">
				<value>jpg</value>
			</property>
			<property name="outputFileName">
				<value>param:OUTPUT_FILE_NAME</value>
			</property>
			<property name="sourceFileExtension">
				<value>param:SOURCE_FILE_EXTENSION</value>
			</property>
			<property name="imageMagickHome">
				<value>${IMAGE_MAGICK_HOME}</value>
			</property>
		</pub:activity>
		
		<pub:activity class="com.quark.qpp.publishing.activity.JawsRenderer">
			<description>Generate preview of PDF document</description>
			<property name="activityName">
				<value>JawsRenderer</value>
			</property>
			<property name="jawsHome">
				<value>${JAWS_HOME}</value>
			</property>
			<property name="previewWidth">
				<value>800</value>
			</property>
			<property name="previewHeight">
				<value>800</value>
			</property>
			<property name="maxPagesToRender">
				<value>1</value>
			</property>
			<property name="resolutionInDpi">
				<value>200</value>
			</property>
			<property name="previewFileType">
				<value>jpg</value>
			</property>
			<property name="createZip">
				<value>false</value>
			</property>												
		</pub:activity>
		
		<pub:activity class="com.quark.qpp.publishing.activity.XslTransform" init-method="init">
		 	<description>Apply XSL on input XML</description>
		 	<property name="activityName">
				<value>MigrateMainDoc</value>
			</property>
			<property name="xslt">
				<value>classpath:smartcontent-upgrade-1-2.xsl</value>
			</property>
			<property name="factoryClassName">
				<value>net.sf.saxon.TransformerFactoryImpl</value>
			</property>
			<property name="outFolderName">
				<value>CollectedContent</value>
			</property>
			<property name="passChannelParametersToXsl">
				<value>true</value>
			</property>
		</pub:activity>
		
		<pub:activity class="com.quark.qpp.publishing.activity.XslTransform" init-method="init">
		 	<description>Apply XSL on input XML</description>
		 	<property name="activityName">
				<value>MigrateAttachments</value>
			</property>
			<property name="xslt">
				<value>classpath:smartcontent-upgrade-1-2.xsl</value>
			</property>
			<property name="factoryClassName">
				<value>net.sf.saxon.TransformerFactoryImpl</value>
			</property>
			<property name="outFolderName">
				<value>CollectedContent</value>
			</property>
			<property name="passChannelParametersToXsl">
				<value>true</value>
			</property>
		</pub:activity>
		
		<pub:activity class="com.quark.qpp.publishing.activity.ResolveMathEquations">
			<description>An activity that replaces MathML nodes with images.</description>
			<property name="activityName">
				<value>ResolveMathEquationsInMainDoc</value>
			</property>
			<property name="defaultImageFormat">
				<value>param:MATH_EQUATION_IMAGE_FORMAT</value>
			</property>
			<property name="xpathBasedStylesMap">
			<!-- In order to apply a particular style (i.e. color/fontFamily/...) for specific set of math equation images, mention an exclusive 
				math node xpath as key and the required style as value. Ideally, the paths should 
				be specified in such an order that the most exclusive math node xpath 
				is specified first and the general xpaths are specified in the end.
				Since the matching math node is replaced by image, thus there 
				won't be any overriding of style and instead the first found xpath match replaces that math node.
				By default the defaultImageFormat property will be considered.
				But in order override this default output format, declare property imageFormat = ... in addition to other properties.
				For example- value="fontSize=11px;fontFamily=Calibri;imageFormat=pdf........"
				For other WIRIS supported styling properties check the following link 
				http://www.wiris.com/editor/docs/reference/parameters  -->
				<map>
					<!-- Math Equations in Callout -->
					<entry key="//mathml:math [ ancestor::smart:region[1]/@type = 'callout' ]"  
					value="fontSize=12px;fontFamily=Arial;color=#a2955f;"/>
					
					<!-- Math Equations in box -->
					<entry key="//mathml:math [ancestor::smart:region[1]/@type = 'box']"
					value="fontSize=12px;fontFamily=Arial;color=#000;"/>
					
					<!-- Math Equations in Document title -->
					<entry key="//mathml:math [ancestor::smart:title] [ancestor::smart:section[@type='document'] ] [not(ancestor::smart:section[@type='section'])] [not(ancestor::smart:section[@type='subsection'])]" 
					value="fontSize=20px;fontFamily=Arial;color=#ffffff"/>
					
					<!-- Math Equations in Section Title -->
					<entry key="//mathml:math [ancestor::smart:title] [ancestor::smart:section[@type='section'] ] [not(ancestor::smart:section[@type='subsection'])]"
					value="fontSize=22px;fontFamily=Arial;color=#2189a4"/>
					
					<!-- Math Equations in Subsection Title -->
					<entry key="//mathml:math [ancestor::smart:title] [ancestor::smart:section[@type='subsection']]"
					value="fontSize=20px;fontFamily=Arial;color=#618C29"/>
				
					<!-- Math equations in paragraph's of type heading -->
					<entry key="//mathml:math [ ancestor::smart:p[1]/@type = 'heading']"
					value="fontSize=15px;fontFamily=Arial;color=#2199b4"/>
				
					<!-- Math equations of type note -->
					<entry key="//mathml:math [ ancestor::smart:p[1]/@type = 'note']" 
					value="fontSize=12px;fontFamily=Arial;color=#000;"/>
					
					<!-- Math equations in paragraph's of type long quote -->
					<entry key="//mathml:math [ ancestor::smart:p[1]/@type = 'lq']" 
					value="fontSize=14px;fontFamily=Arial;color=#000;fontStyle=italic"/>
					
					<!-- All other math nodes -->
					<entry key="//mathml:math"
					value="fontSize=13px;fontFamily=Arial;color=#000;"></entry>
				</map>
			</property>
			<property name="namespacePrefixUriMap">
				<map>
					<entry key="mathml" value="http://www.w3.org/1998/Math/MathML"/>
					<entry key="smart" value="http://quark.com/smartcontent/4.0"/>
				</map>
			</property>
		</pub:activity>
		
		<pub:activity class="com.quark.qpp.publishing.activity.ResolveMathEquations">
			<description>An activity that replaces MathML nodes with images.</description>
			<property name="activityName">
				<value>ResolveMathEquationsInXMLAttachments</value>
			</property>
			<property name="defaultImageFormat">
				<value>param:MATH_EQUATION_IMAGE_FORMAT</value>
			</property>
			<property name="xpathBasedStylesMap">
			<!-- In order to apply a particular style (i.e. color/fontFamily/...) for specific set of math equation images, mention an exclusive 
				math node xpath as key and the required style as value. Ideally, the paths should 
				be specified in such an order that the most exclusive math node xpath 
				is specified first and the general xpaths are specified in the end.
				Since the matching math node is replaced by image, thus there 
				won't be any overriding of style and instead the first found xpath match replaces that math node.
				By default the defaultImageFormat property will be considered.
				But in order override this default output format, declare property imageFormat = ... in addition to other properties.
				For example- value="fontSize=11px;fontFamily=Calibri;imageFormat=pdf........"
				For other WIRIS supported styling properties check the following link 
				http://www.wiris.com/editor/docs/reference/parameters  -->
				<map>
					<!-- Math Equations in Callout -->
					<entry key="//mathml:math [ ancestor::smart:region[1]/@type = 'callout' ]"  
					value="fontSize=12px;fontFamily=Arial;color=#a2955f;"/>
					
					<!-- Math Equations in box -->
					<entry key="//mathml:math [ancestor::smart:region[1]/@type = 'box']"
					value="fontSize=12px;fontFamily=Arial;color=#000;"/>
					
					<!-- Math Equations in Document title -->
					<entry key="//mathml:math [ancestor::smart:title] [ancestor::smart:section[@type='document'] ] [not(ancestor::smart:section[@type='section'])] [not(ancestor::smart:section[@type='subsection'])]" 
					value="fontSize=20px;fontFamily=Arial;color=#ffffff"/>
					
					<!-- Math Equations in Section Title -->
					<entry key="//mathml:math [ancestor::smart:title] [ancestor::smart:section[@type='section'] ] [not(ancestor::smart:section[@type='subsection'])]"
					value="fontSize=22px;fontFamily=Arial;color=#2189a4"/>
					
					<!-- Math Equations in Subsection Title -->
					<entry key="//mathml:math [ancestor::smart:title] [ancestor::smart:section[@type='subsection']]"
					value="fontSize=20px;fontFamily=Arial;color=#618C29"/>
				
					<!-- Math equations in paragraph's of type heading -->
					<entry key="//mathml:math [ ancestor::smart:p[1]/@type = 'heading']"
					value="fontSize=15px;fontFamily=Arial;color=#2199b4"/>
				
					<!-- Math equations of type note -->
					<entry key="//mathml:math [ ancestor::smart:p[1]/@type = 'note']" 
					value="fontSize=12px;fontFamily=Arial;color=#000;"/>
					
					<!-- Math equations in paragraph's of type long quote -->
					<entry key="//mathml:math [ ancestor::smart:p[1]/@type = 'lq']" 
					value="fontSize=14px;fontFamily=Arial;color=#000;fontStyle=italic"/>
					
					<!-- All other math nodes -->
					<entry key="//mathml:math"
					value="fontSize=13px;fontFamily=Arial;color=#000;"></entry>
				</map>
			</property>
			<property name="namespacePrefixUriMap">
				<map>
					<entry key="mathml" value="http://www.w3.org/1998/Math/MathML"/>
					<entry key="smart" value="http://quark.com/smartcontent/4.0"/>
				</map>
			</property>
		</pub:activity>
		
		<pub:activity class="com.quark.qpp.publishing.activity.XslTransform" init-method="init">
			<description>Apply XSL on input XML</description>
			<property name="activityName">
				<value>HtmlXslTransform</value>
			</property>
			<property name="xslt">
				<value>param:XSL_URI</value>
			</property>
			<property name="factoryClassName">
				<value>net.sf.saxon.TransformerFactoryImpl</value>
			</property>
			<property name="outFileName">
				<value>index.html</value><!-- name with which the main html file is created by applying xsl over main doc xml -->
			</property>
			<property name="outFolderName">
				<value>CollectedContent</value>
			</property>
			<!--  Make this property to true if channel parameters should be passed to the underlying XSL being used for transformation -->
			<property name="passChannelParametersToXsl">
				<value>true</value>
			</property>
			<!-- 
				A map containing parameters to be passed to XSL dynamically. 
				Key in the map is the parameter name whereas value contains xpath evaluated on xml supplied as input content "XSLParametersFile" to generate the parameter value.
			-->
			<property name="xslParamNamesToXpathMap">
				<map>
					<entry key="MajorVersion" value="//attributeValue[@name = 'Major version']/text()" /> 
					<entry key="MinorVersion" value="//attributeValue[@name = 'Minor version']/text()" /> 
				</map>
	 		</property>
		</pub:activity>

		<pub:activity class="com.quark.qpp.publishing.activity.CreateZip">
		 	<description>Creates Zip of the input content</description>
		 	<property name="activityName">
				<value>CreateZip</value>
			</property>
			<!-- Content of following mime-types will not be included in the ZIP file being created-->
			<property name="mimeTypesExclusions">
				<list>
					<value>image/svg+xml</value>
				</list>
			</property>
		</pub:activity>

		<pub:activity-stream-mapper>
			<property name="activityName">
				<value>UnzipXaDocumentPackage</value>
			</property>
			<property name="inputStreamNames">
				<map>
					<entry key="ZippedContent" value="RequestContent" />
				</map>
			</property>
			<property name="outputStreamNames">
				<map>
					<entry key="XmlAttachment" value="XmlAttachment" />
					<entry key="NonXmlAttachment" value="NonXmlAttachment" />
					<entry key="MainDitaDoc" value="MainDoc" />
				</map>
			</property>
		</pub:activity-stream-mapper>
		
		<pub:activity-stream-mapper>
			<property name="activityName">
				<value>FetchPlatformAssetMetadata</value>
			</property>
			<property name="outputStreamNames">
				<map>
					<entry key="AssetMetadata" value="AssetMetadataXml" />					
				</map>
			</property>
		</pub:activity-stream-mapper>

		<pub:activity-stream-mapper>
			<property name="activityName">
				<value>ResolveQppAttachmentsFromXaDoc</value>
			</property>
			<property name="inputStreamNames">
				<map>
					<entry key="XaDoc" value="MainDoc" />
				</map>
			</property>
			<property name="outputStreamNames">
				<map>
					<entry key="XmlAttachment" value="XmlAttachment" />
					<entry key="NonXmlAttachment" value="NonXmlAttachment" />
					<entry key="UpdatedXaDoc" value="MainDocWithRefResolved" />
				</map>
			</property>
		</pub:activity-stream-mapper>


	<pub:activity-stream-mapper>
			<property name="activityName">
				<value>FilterData</value>
			</property>
			<property name="inputStreamNames">
				<map>
					<entry key="INPUT_CONTENT" value="NonXmlAttachment" />
				</map>
			</property>
			<property name="outputStreamNames">
				<map>
					<entry key="CONTENT_DONOT_REQUIRES_CONVERSION" value="NonXmlAttachment-AsIs" />
					<entry key="NON_PDF" value="NonXmlAttachment-IMAGE" />
					<entry key="PDF" value="NonXmlAttachment-PDF" />
					<entry key="HTML_DEPENDENCIES" value="HTML_DEPENDENCIES" />
				</map>
			</property>
		</pub:activity-stream-mapper>
		
		<pub:activity-stream-mapper>
			<property name="activityName">
				<value>ProcessSVG</value>
			</property>
			<property name="inputStreamNames">
				<map>
					<entry key="InputFiles" value="NonXmlAttachment-AsIs" />
				</map>
			</property>
			<property name="outputStreamNames">
				<map>
					<entry key="ProcessedSvgFiles" value="NonXmlAttachment-AsIs-SvgProcessed" />
				</map>
			</property>
		</pub:activity-stream-mapper>
		
		<pub:activity-stream-mapper>
			<property name="activityName">
				<value>ConvertImage</value>
			</property>
			<property name="inputStreamNames">
				<map>
					<entry key="SourceImage" value="NonXmlAttachment-IMAGE" />
				</map>
			</property>
			<property name="outputStreamNames">
				<map>
					<entry key="OutputFile" value="Images-Converted" />
					<entry key="ErrorFile" value="ConversionError" />
				</map>
			</property>
		</pub:activity-stream-mapper>
		
		
		<pub:activity-stream-mapper>
			<property name="activityName">
				<value>JawsRenderer</value>
			</property>
			<property name="inputStreamNames">
				<map>
					<entry key="PDF" value="NonXmlAttachment-PDF" />
				</map>
			</property>
			<property name="outputStreamNames">
				<map>
					<entry key="PREVIEWS" value="PDF_IMAGES" />
				</map>
			</property>
		</pub:activity-stream-mapper>
			
		<pub:activity-stream-mapper>
			<property name="activityName">
				<value>MigrateMainDoc</value>
			</property>
			<property name="inputStreamNames">
				<map>
					<entry key="XMLFile" value="MainDocWithRefResolved" />
				</map>
			</property>
			<property name="outputStreamNames">
				<map>
					<entry key="ModifiedXML" value="MigratedSmartDoc" />
				</map>
			</property>
		</pub:activity-stream-mapper>
		
		<pub:activity-stream-mapper>
			<property name="activityName">
				<value>MigrateAttachments</value>
			</property>
			<property name="inputStreamNames">
				<map>
					<entry key="XMLFile" value="XmlAttachment" />
				</map>
			</property>
			<property name="outputStreamNames">
				<map>
					<entry key="ModifiedXML" value="MigratedXmlAttachment" />
				</map>
			</property>
		</pub:activity-stream-mapper>
		
	<pub:activity-stream-mapper>
			<property name="activityName">
				<value>ResolveMathEquationsInMainDoc</value>
			</property>
			<property name="inputStreamNames">
				<map>
					<entry key="XMLFile" value="MigratedSmartDoc" />
				</map>
			</property>
			<property name="outputStreamNames">
				<map>
					<entry key="MathEquationImage" value="NonXmlAttachment-AsIs" />
					<entry key="ModifiedXML" value="MathEqResolvedSmartDoc" />
				</map>
			</property>
		</pub:activity-stream-mapper>
		
		<pub:activity-stream-mapper>
			<property name="activityName">
				<value>ResolveMathEquationsInXMLAttachments</value>
			</property>
			<property name="inputStreamNames">
				<map>
					<entry key="XMLFile" value="MigratedXmlAttachment" />
				</map>
			</property>
			<property name="outputStreamNames">
				<map>
					<entry key="MathEquationImage" value="NonXmlAttachment-AsIs" />
					<entry key="ModifiedXML" value="MathEqResolvedXmlAttachment" />
				</map>
			</property>
		</pub:activity-stream-mapper>
		
		<pub:activity-stream-mapper>
			<property name="activityName">
				<value>HtmlXslTransform</value>
			</property>
			<property name="inputStreamNames">
				<map>
					<entry key="XSLParametersFile" value="AssetMetadataXml" />
					<entry key="XMLFile" value="MathEqResolvedSmartDoc" />
				</map>
			</property>
			<property name="outputStreamNames">
				<map>
					<entry key="ModifiedXML" value="HTML" />
				</map>
			</property>
		</pub:activity-stream-mapper>

		<pub:activity-stream-mapper>
			<property name="activityName">
				<value>CreateZip</value>
			</property>
			<property name="inputStreamNames">
				<map>
					<entry key="CONTENT_TO_ZIP" value="Images-Converted,NonXmlAttachment-AsIs,PDF_IMAGES,HTML_DEPENDENCIES,HTML" />
				</map>
			</property>
			<property name="outputStreamNames">
				<map>
					<entry key="ZIP_CONTENT" value="ZIP_CONTENT" />
				</map>
			</property>
		</pub:activity-stream-mapper>

		<!-- Process OutPut -->
		<pub:deliverable-output>
			<property name="deliveryContentNames">
				<list>
					<value>ZIP_CONTENT</value>
				</list>
			</property>
		</pub:deliverable-output>

	</pub:process>

</beans>
