<?xml version="1.0" encoding="UTF-8"?>
<beans xmlns="http://www.springframework.org/schema/beans"
 xmlns:xsi="http://www.w3.org/2001/XMLSchema-instance"
 xmlns:context="http://www.springframework.org/schema/context"
 xmlns:util="http://www.springframework.org/schema/util"
 xmlns:pub="http://www.quark.com/qpp/publishing/schema"
 xsi:schemaLocation="http://www.springframework.org/schema/beans http://www.springframework.org/schema/beans/spring-beans.xsd
  http://www.springframework.org/schema/context http://www.springframework.org/schema/context/spring-context.xsd 
  http://www.springframework.org/schema/util http://www.springframework.org/schema/util/spring-util.xsd
  http://www.quark.com/qpp/publishing/schema http://www.quark.com/qpp/publishing/schema/publishingprocess.xsd">
	
	<!-- PROCESS DEFINITIONS -->
	<pub:process id="smartDocToAssetCheckin">
	
		<!-- 
			Expect Input content with name 'Asset' and download attachments (output 
			content name) with name 'AssetWithAttributes'. 
			Other activities down the chain can access values of required attributes 
			with their content info getAttribute(QPSAttributeId) method
		-->
		<pub:activity class="com.quark.qpp.publishing.activity.GetQPPAttributes">
			<description>Resolve all attachments of input primary asset</description>
			<property name="activityName">
				<value>GetQpsAttributes</value>
			</property>
			<property name="assetId">
				<value>param:ASSET_ID</value>
			</property>
			<property name="attributeNames">
				<list>
					<value>Name</value>
					<value>File extension</value>
					<value>Id</value>
					<value>Collection Path</value>
					<value>Workflow</value>
					<value>Status</value>
					<value>Content Type</value>			
				</list>
			</property>
		</pub:activity>
		
		
		<!-- 
			This activity download attachments (output 
			content name) with name 'AssetWithAttributes' for the asset whose id is given.
			Other activities down the chain can access values of required attributes 
			with their content info getAttribute(QPSAttributeId) method
		-->
		<pub:activity class="com.quark.qpp.publishing.activity.ResolveXADocReferences">
			<description>Resolve all attachments of input primary asset</description>
			<property name="activityName">
				<value>ResolveQppAttachmentsFromXaDoc</value>
			</property>			
			<property name="assetId">
				<value>param:ASSET_ID</value>
			</property>
			<property name="resolveQppRelations">
				<value>param:RESOLVE_QPP_RELATIONS</value>
			</property>	
			<property name="namingScheme">
				<value>dita</value>
			</property>
			<property name="attachmentAttributeNames">
				<list>
					<value>Name</value>
					<value>Original filename</value>
					<value>File extension</value>
					<value>Id</value>
					<value>Collection</value>
					<value>Workflow</value>
					<value>Status</value>
					<value>Major version</value>
					<value>Minor version</value>				
				</list>
			</property>
			
			<!-- Excel, Visio, PowerPoint and Charts data rendering properties to be overridden for publishing -->
			<property name="dataRenderingParametersMap">
				<map>
					<entry key="qpp://office/excel">
						<map>
							<entry key="imageformat" value="PARAM:EXCEL_DATA_IMAGE_FORMAT"/>						
						</map>
					</entry>
					<entry key="qpp://charts">
						<map>
							<entry key="imageformat" value="PARAM:CHART_IMAGE_FORMAT"/>
						</map>
					</entry>
					<entry key="qpp://office/visio">
						<map>
	    					<entry key="imageformat" value="PARAM:VISIO_DATA_IMAGE_FORMAT"/>
						</map>
					</entry>
					<entry key="qpp://office/powerpoint">
						<map>
	        				<entry key="imageformat" value="PARAM:POWERPOINT_DATA_IMAGE_FORMAT"/>
	    				</map>
					</entry>					
				</map>
			</property>
			
			<!--  XPath expression pointing to element nodes containing references-->
			<property name="xpathExpression">
				<value>//*[@href][not(local-name()='xref')][not(local-name()='object')] | //*[local-name()='object'][@href][not(starts-with(@href,'http:'))] | //*[@conref] | //xref[not(@format) or @format='dita' or @format='ditamap']</value>
			</property>
			<!-- List of attribute names to be used as referenced attributes in the elements nodes evaluated by either above mentioned XPath or xpath relation attribute in case of QPP relations.
			     Any of the below mentioned references attribute that matches first would be considered. -->
			<!-- Namespaced attributes should be specified with their appropriate prefix prefix for example: 	<value>xlink:href</value> -->
			<property name="referenceAttributesList">
				<list>
					<value>conref</value>
					<value>href</value>
				</list>
			</property>	
			<!--XPath expression to file extension map to be used for resolving base64-encoded binary images -->
			<property name="xpathToFileExtMapForBinaryImages">
				<map>
					<entry key="//image[not(@href) and @content-type='gif']" value="gif"/>					
				</map>
			</property>
			<!-- Name of the reference attribute which is created in the binary image tag (fetched from xpath). Value of this attribute would be name of the temp file created from the binary data-->
			<property name="binaryImageRefAttribute">
				<value>href</value>
			</property>		
		</pub:activity>
			
		<pub:activity class="com.quark.qpp.publishing.activity.XslTransform" init-method="init">
		 	<description>Apply XSL on input XML</description>
		 	<property name="activityName">
				<value>MigrateMainDoc</value>
			</property>
			<property name="xslt">
				<value>classpath:smartcontent-upgrade-1-2.xsl</value>
			</property>
			<property name="factoryClassName">
				<value>net.sf.saxon.TransformerFactoryImpl</value>
			</property>
			<property name="outFolderName">
				<value>CollectedContent</value>
			</property>
			<property name="passChannelParametersToXsl">
				<value>true</value>
			</property>
		</pub:activity>
		
		<pub:activity class="com.quark.qpp.publishing.activity.XslTransform" init-method="init">
		 	<description>Apply XSL on input XML</description>
		 	<property name="activityName">
				<value>MigrateAttachments</value>
			</property>
			<property name="xslt">
				<value>classpath:smartcontent-upgrade-1-2.xsl</value>
			</property>
			<property name="factoryClassName">
				<value>net.sf.saxon.TransformerFactoryImpl</value>
			</property>
			<property name="outFolderName">
				<value>CollectedContent</value>
			</property>
			<property name="passChannelParametersToXsl">
				<value>true</value>
			</property>
		</pub:activity>
		
		<pub:activity class="com.quark.qpp.publishing.activity.ResolveMathEquations">
			<description>An activity that replaces MathML nodes with images.</description>
			<property name="activityName">
				<value>ResolveMathEquationsInMainDoc</value>
			</property>
			<property name="defaultImageFormat">
				<value>param:MATH_EQUATION_IMAGE_FORMAT</value>
			</property>
			<property name="xpathBasedStylesMap">
				<!-- In order to apply a particular style (i.e. color/fontFamily/...) for specific set of math equation images, mention an exclusive 
				math node xpath as key and the required style as value. Ideally, the paths should 
				be specified in such an order that the most exclusive math node xpath 
				is specified first and the general xpaths are specified in the end.
				Since the matching math node is replaced by image, thus there 
				won't be any overriding of style and instead the first found xpath match replaces that math node.
				By default the defaultImageFormat property will be considered.
				But in order override this default output format, declare property imageFormat = ... in addition to other properties.
				For example- value="fontSize=11px;fontFamily=Calibri;imageFormat=pdf........"
				For other WIRIS supported styling properties check the following link 
				http://www.wiris.com/editor/docs/reference/parameters  -->
				<map>
					<!-- Math Equations in Callout -->
					<entry key="//mathml:math [ancestor::smart:region[1]/@type = 'callout' ]" 
					value="fontSize=11px;fontFamily=Arial;color=#FFFFFF"/>
					
					<!-- Math Equations in box -->
					<entry key="//mathml:math [ancestor::smart:region[1]/@type = 'box']"
					value="fontSize=13px;fontFamily=Arial;color=#000000"/>
					
					<!-- Math Equations in Document title -->
					<entry key="//mathml:math [ancestor::smart:title] [ancestor::smart:section[@type='document'] ] [not(ancestor::smart:section[@type='section'])] [not(ancestor::smart:section[@type='subsection'])]" 
					value="fontSize=42px;fontFamily=Arial;color=#006094"/>
					
					<!-- Math Equations in Section Title -->
					<entry key="//mathml:math [ancestor::smart:title] [ancestor::smart:section[@type='section'] ] [not(ancestor::smart:section[@type='subsection'])]"
					value="fontSize=19px;fontFamily=Arial;fontWeight=bold;color=#006094"/>
					
					<!-- Math Equations in Subsection Title -->
					<entry key="//mathml:math [ancestor::smart:title] [ancestor::smart:section[@type='subsection']]"
					value="fontSize=18px;fontFamily=Arial;fontWeight=bold;color=#006094"/>
				
					<!-- Math equations in paragraph's of type heading -->
					<entry key="//mathml:math [ ancestor::smart:p[1]/@type = 'heading']"
					value="fontSize=12px;fontFamily=Arial;fontWeight=bold;color=#006094"/>
				
					<!-- Math equations of type note -->
					<entry key="//mathml:math [ ancestor::smart:p[1]/@type = 'note']" 
					value="fontSize=13px;fontFamily=Arial;color=#000000;fontStyle=italic;"/>
					
					<!-- Math equations in paragraph's of type long quote -->
					<entry key="//mathml:math [ ancestor::smart:p[1]/@type = 'lq']" 
					value="fontSize=12px;fontFamily=Arial;color=#006094;fontStyle=italic"/>
					
					<!-- All other math nodes -->
					<entry key="//mathml:math" value="fontSize=14px;fontFamily=Arial;color=#000000;"></entry>
				</map>
			</property>
			<property name="namespacePrefixUriMap">
				<map>
					<entry key="mathml" value="http://www.w3.org/1998/Math/MathML"/>
					<entry key="smart" value="http://quark.com/smartcontent/4.0"/>
				</map>
			</property>
		</pub:activity>
		
		<pub:activity class="com.quark.qpp.publishing.activity.ResolveMathEquations">
			<description>An activity that replaces MathML nodes with images.</description>
			<property name="activityName">
				<value>ResolveMathEquationsInXMLAttachments</value>
			</property>
			<property name="defaultImageFormat">
				<value>param:MATH_EQUATION_IMAGE_FORMAT</value>
			</property>
			<property name="xpathBasedStylesMap">
				<!-- In order to apply a particular style (i.e. color/fontFamily/...) for specific set of math equation images, mention an exclusive 
				math node xpath as key and the required style as value. Ideally, the paths should 
				be specified in such an order that the most exclusive math node xpath 
				is specified first and the general xpaths are specified in the end.
				Since the matching math node is replaced by image, thus there 
				won't be any overriding of style and instead the first found xpath match replaces that math node.
				By default the defaultImageFormat property will be considered.
				But in order override this default output format, declare property imageFormat = ... in addition to other properties.
				For example- value="fontSize=11px;fontFamily=Calibri;imageFormat=pdf........"
				For other WIRIS supported styling properties check the following link 
				http://www.wiris.com/editor/docs/reference/parameters  -->
				<map>
					<!-- Math Equations in Callout -->
					<entry key="//mathml:math [ancestor::smart:region[1]/@type = 'callout' ]" 
					value="fontSize=11px;fontFamily=Arial;color=#FFFFFF"/>
					
					<!-- Math Equations in box -->
					<entry key="//mathml:math [ancestor::smart:region[1]/@type = 'box']"
					value="fontSize=13px;fontFamily=Arial;color=#000000"/>
					
					<!-- Math Equations in Document title -->
					<entry key="//mathml:math [ancestor::smart:title] [ancestor::smart:section[@type='document'] ] [not(ancestor::smart:section[@type='section'])] [not(ancestor::smart:section[@type='subsection'])]" 
					value="fontSize=42px;fontFamily=Arial;color=#006094"/>
					
					<!-- Math Equations in Section Title -->
					<entry key="//mathml:math [ancestor::smart:title] [ancestor::smart:section[@type='section'] ] [not(ancestor::smart:section[@type='subsection'])]"
					value="fontSize=19px;fontFamily=Arial;fontWeight=bold;color=#006094"/>
					
					<!-- Math Equations in Subsection Title -->
					<entry key="//mathml:math [ancestor::smart:title] [ancestor::smart:section[@type='subsection']]"
					value="fontSize=18px;fontFamily=Arial;fontWeight=bold;color=#006094"/>
				
					<!-- Math equations in paragraph's of type heading -->
					<entry key="//mathml:math [ ancestor::smart:p[1]/@type = 'heading']"
					value="fontSize=12px;fontFamily=Arial;fontWeight=bold;color=#006094"/>
				
					<!-- Math equations of type note -->
					<entry key="//mathml:math [ ancestor::smart:p[1]/@type = 'note']" 
					value="fontSize=13px;fontFamily=Arial;color=#000000;fontStyle=italic;"/>
					
					<!-- Math equations in paragraph's of type long quote -->
					<entry key="//mathml:math [ ancestor::smart:p[1]/@type = 'lq']" 
					value="fontSize=12px;fontFamily=Arial;color=#006094;fontStyle=italic"/>
					
					<!-- All other math nodes -->
					<entry key="//mathml:math" value="fontSize=14px;fontFamily=Arial;color=#000000;"></entry>
				</map>
			</property>
			<property name="namespacePrefixUriMap">
				<map>
					<entry key="mathml" value="http://www.w3.org/1998/Math/MathML"/>
					<entry key="smart" value="http://quark.com/smartcontent/4.0"/>
				</map>
			</property>
		</pub:activity>
			
			<!-- 
		Expect Input content with name 'XMLFile' and put modifiedXML with (output 
		content name) with name 'ModifiedXML'. 
		-->
		<pub:activity class="com.quark.qpp.publishing.activity.XslTransform" init-method="init">
		 	<description>Apply XSL on input XML</description>
		 	<property name="activityName">
				<value>ModifierTransform</value>
			</property>
			<property name="xslt">
				<value>PARAM:XSL_URI</value>
			</property>
			<property name="factoryClassName">
				<value>net.sf.saxon.TransformerFactoryImpl</value>
			</property>
			<property name="passChannelParametersToXsl">
				<value>true</value>
			</property>
		</pub:activity>
		
		<pub:activity class="com.quark.qpp.publishing.activity.UpdateInteractivityData" init-method="init">
		 	<description>Updates Interactivity data so that its filename and path attributes contains data as required by Aquafadas XTension in XPress</description>
		 	<property name="activityName">
				<value>UpdateInteracivityElement</value>
			</property>			
		</pub:activity>
		
		<!-- 
		Expect three input content with name 'Asset','Attachment' and 'ModifierXML'.
		Put modified file (output content name) with name 'QxpsRenderOutput'. 
		-->
		<pub:activity class="com.quark.qpp.publishing.activity.QxpsModifyRender">
			<description>Input a modifier XML, flow its content in a QuarkXPress Template and generate PDF output</description>
			<property name="activityName">
				<value>QxpsModifyRender</value>
			</property>
			<property name="templateUri">
				<value>param:QXP_TEMPLATE_URI</value>
			</property>
			<!-- List of comma separated attachments URIs used in XPress template. -->
			<property name="templateAttachmentURIs">
				<value>param:QXP_TEMPLATE_ATTACHMENTS_URI</value>				
			</property>
			<property name="videoPreviewUri">
				<value>classpath:Default_Video_Preview.jpg</value>
			</property>
			<property name="renderFormat">
				<value>param:RENDER_FORMAT</value>
			</property>
			<property name="outputStyle">
				<value>param:OUTPUT_STYLE</value>
			</property>
			<property name="annotateErrors">
				<value>param:ANNOTATE_ERRORS</value>
			</property>
			<property name="appendErrors">
				<value>param:APPEND_ERRORS</value>
			</property>			
			<property name="organization">
				<value>param:ORGANIZATION</value>
			</property>
			<property name="publication">
				<value>param:PUBLICATION</value>
			</property>
			<property name="issue">
				<value>param:ISSUE</value>
			</property>
			<property name="articleTitle">
				<value>param:ARTICLE_TITLE</value>
			</property>
			<property name="upload">
				<value>param:UPLOAD</value>
			</property>
			<!-- Name of the user to be logged on to AppStudio -->
			<property name="username">
				<value>param:USERNAME</value>
			</property>
			<!-- Password of the user to be logged on to AppStudio -->
			<property name="password">
				<value>param:PASSWORD</value>
			</property>
			<property name="convertSectionToPages">
				<value>param:CONVERT_SECTIONS_TO_PAGE_STACK</value>
			</property>
		</pub:activity>
		
		<pub:activity class="com.quark.qpp.publishing.activity.CopyContentAttributes">
			<description>This activity will copy attributes from source asset to target asset</description>
			<property name="activityName">
				<value>CopyContentAttributes</value>
			</property>
			<property name="attributeNames">
				<list>
					<value>Name</value><!-- Name -->
					<value>Collection</value><!-- Collection -->
					<value>Collection Path</value><!--Collection Path-->
					<value>Workflow</value><!-- Workflow-->
					<value>Status</value><!--Status -->
					<value>Routed To</value><!-- Routed To -->							
				</list>
			</property>
		</pub:activity>
		
		<pub:activity class="com.quark.qpp.publishing.activity.CheckinReferedExcelData">
			<description>This activity will Checkin referred Excel Data in to Server in the desired format. The corresponding Excel Data content info is also updated with the actual checked in Platform asset</description>
			<property name="activityName">
				<value>CheckinReferedExcelData</value>
			</property>
			<!-- List of attributes which will be fetched from source content and used for checkin the referred Data -->
			<property name="attributeNames">
				<list>
					<value>Name</value>
					<value>Original filename</value>
					<value>Workflow</value>
					<value>Status</value>
					<value>Collection</value>
					<value>File extension</value>							
				</list>
			</property>
		</pub:activity>
		
		
		<!-- METADATA RESOLVER ACTIVITY-->
		
		<pub:activity class="com.quark.qpp.publishing.activity.MetadataSerializer">
			<description>This activity will serialize asset metadata and relations metadata.</description>
			<property name="activityName">
				<value>MetadataSerializer</value>
			</property>
		</pub:activity>
		
		<!-- This activity will check in the RequestContent into the server and 
			create relations. Depending upon the collection and name attribute, if an 
			asset already exist at that location, this activity will first checkOut and 
			then checkIn the asset, else it will checkIn new the given RequestContent -->
		<pub:activity class="com.quark.qpp.publishing.activity.CheckInToPlatform">
			<description>This activity checks in an asset and creates relations
				provided the child assets are already checked in.</description>
			<property name="activityName">
				<value>CheckInToPlatform</value>
			</property>
			
			<property name="checkinType"> 
				<value>param:CHECKIN_TYPE</value>
			</property>

			<!-- Refers to the METADATA_XML param for metadata required to checkIn 
				into QPP Server. Sample Xml : <attributeValueList><attributeValue 
				id="2">project_martin8</attributeValue></attributeValueList> -->
			<property name="metadataXml">
				<value>param:METADATA_XML</value>
			</property>

			<!-- Refers to the RELATIONS_XML param for metadata required to 
				create relations between the asset being checkIn as parent asset and already 
				existing child assets.
				Sample Xml : <assetRelationInfoList> <assetRelationInfo relationType="XML 
				Component Reference" childAssetId="32"> <attributeValueList> <attributeValue 
				name="XPATH">xpathValue_new</attributeValue> </attributeValueList> </assetRelationInfo> 
				</assetRelationInfoList> -->
			<property name="relationsXml">
				<value>param:RELATIONS_XML</value>
			</property>
		</pub:activity>
		
				
		<!-- Activity Streams Mapper -->

		<pub:activity-stream-mapper>
			<property name="activityName">
				<value>GetQpsAttributes</value>
			</property>
			<property name="inputStreamNames">
				<map>
					<entry key="Asset" value="RequestContent" />
				</map>
			</property>
			<property name="outputStreamNames">
				<map>
					<entry key="AssetWithAttributes" value="AssetWithAttributes" />
				</map>
			</property>
		</pub:activity-stream-mapper>
		
		<pub:activity-stream-mapper>
			<property name="activityName">
				<value>ResolveQppAttachmentsFromXaDoc</value>
			</property>
			<property name="inputStreamNames">
				<map>
					<entry key="XaDoc" value="AssetWithAttributes" />
				</map>
			</property>
			<property name="outputStreamNames">
				<map>
					<entry key="XmlAttachment" value="XmlAttachment" />
					<entry key="NonXmlAttachment" value="NonXmlAttachment" />
					<entry key="UpdatedXaDoc" value="UpdatedSmartDoc" />
				</map>
			</property>
		</pub:activity-stream-mapper>
		
			<pub:activity-stream-mapper>
			<property name="activityName">
				<value>MigrateMainDoc</value>
			</property>
			<property name="inputStreamNames">
				<map>
					<entry key="XMLFile" value="UpdatedSmartDoc" />
				</map>
			</property>
			<property name="outputStreamNames">
				<map>
					<entry key="ModifiedXML" value="MigratedSmartDoc" />
				</map>
			</property>
		</pub:activity-stream-mapper>
		
		<pub:activity-stream-mapper>
			<property name="activityName">
				<value>MigrateAttachments</value>
			</property>
			<property name="inputStreamNames">
				<map>
					<entry key="XMLFile" value="XmlAttachment" />
				</map>
			</property>
			<property name="outputStreamNames">
				<map>
					<entry key="ModifiedXML" value="MigratedXmlAttachment" />
				</map>
			</property>
		</pub:activity-stream-mapper>
		
		<pub:activity-stream-mapper>
			<property name="activityName">
				<value>ResolveMathEquationsInMainDoc</value>
			</property>
			<property name="inputStreamNames">
				<map>
					<entry key="XMLFile" value="MigratedSmartDoc" />
				</map>
			</property>
			<property name="outputStreamNames">
				<map>
					<entry key="MathEquationImage" value="NonXmlAttachment" />
					<entry key="ModifiedXML" value="MathEqResolvedSmartDoc" />
				</map>
			</property>
		</pub:activity-stream-mapper>
		
		<pub:activity-stream-mapper>
			<property name="activityName">
				<value>ResolveMathEquationsInXMLAttachments</value>
			</property>
			<property name="inputStreamNames">
				<map>
					<entry key="XMLFile" value="MigratedXmlAttachment" />
				</map>
			</property>
			<property name="outputStreamNames">
				<map>
					<entry key="MathEquationImage" value="NonXmlAttachment" />
					<entry key="ModifiedXML" value="MathEqResolvedXmlAttachment" />
				</map>
			</property>
		</pub:activity-stream-mapper>
		
		<pub:activity-stream-mapper>
			<property name="activityName">
				<value>ModifierTransform</value>
			</property>
			<property name="inputStreamNames">
				<map>
					<entry key="XMLFile" value="MathEqResolvedSmartDoc" />
				</map>
			</property>
			<property name="outputStreamNames">
				<map>
					<entry key="ModifiedXML" value="ModifierXML" />
				</map>
			</property>
		</pub:activity-stream-mapper>
		
		<pub:activity-stream-mapper>
			<property name="activityName">
				<value>UpdateInteracivityElement</value>
			</property>
			<property name="inputStreamNames">
				<map>
					<entry key="ModifierXML" value="ModifierXML" />
				</map>
			</property>
			<property name="outputStreamNames">
				<map>
					<entry key="UpdatedModifierXML" value="UpdatedModifierXML" />
				</map>
			</property>
		</pub:activity-stream-mapper>
		
		<pub:activity-stream-mapper>
			<property name="activityName">
				<value>QxpsModifyRender</value>
			</property>
			<property name="inputStreamNames">
				<map>
					<entry key="ModifierXML" value="UpdatedModifierXML" />					
					<entry key="Attachment" value="NonXmlAttachment" />
				</map>
			</property>
			<property name="outputStreamNames">
				<map>
					<entry key="QxpsRenderOutput" value="QxpsRenderOutput" />
					<entry key="QppTemplateAttachment" value="TemplateAttachment" />
				</map>
			</property>
		</pub:activity-stream-mapper>
		
		<!-- Activity Streams Mapper -->
		<pub:activity-stream-mapper>
			<property name="activityName">
				<value>CopyContentAttributes</value>
			</property>
			<property name="inputStreamNames">
				<map>
					<entry key="SourceAsset" value="AssetWithAttributes"/>
					<entry key="TargetAsset" value="QxpsRenderOutput"/>
				</map>
			</property>
			<property name="outputStreamNames">
				<map>
					<entry key="AssetWithMetadata" value="QxpAssetWithMetadata" />
				</map>
			</property>
		</pub:activity-stream-mapper>
			
		
		<pub:activity-stream-mapper>
			<property name="activityName">
				<value>CheckinReferedExcelData</value>
			</property>
			<property name="inputStreamNames">
				<map>
					<entry key="RelatedAsset" value="NonXmlAttachment"/>
				</map>
			</property>
		</pub:activity-stream-mapper>
			

		<!-- Activity Streams Mapper -->
		<pub:activity-stream-mapper>
			<property name="activityName">
				<value>MetadataSerializer</value>
			</property>
			<property name="inputStreamNames">
				<map>
					<entry key="AssetWithMetadata" value="QxpAssetWithMetadata" />
					<entry key="RelatedAsset" value="NonXmlAttachment,TemplateAttachment"/>
				</map>
			</property>
			<property name="outputStreamNames">
				<map>
					<entry key="MetadataXML" value="MetadataXML" />
					<entry key="RelationsXML" value="RelationsXML" />
				</map>
			</property>
		</pub:activity-stream-mapper>
		
		<pub:activity-stream-mapper>
			<property name="activityName">
				<value>CheckInToPlatform</value>
			</property>
			<property name="inputStreamNames">
				<map>
					<entry key="SourceContent" value="QxpsRenderOutput" />
					<entry key="MainAssetMetadataXML" value="MetadataXML" />
					<entry key="RelationsXML" value="RelationsXML" />
				</map>
			</property>
		</pub:activity-stream-mapper>
				
	</pub:process>	

</beans>
