<?xml version="1.0" encoding="UTF-8"?>
<beans xmlns="http://www.springframework.org/schema/beans"
	xmlns:xsi="http://www.w3.org/2001/XMLSchema-instance" xmlns:context="http://www.springframework.org/schema/context"
	xmlns:util="http://www.springframework.org/schema/util" xmlns:pub="http://www.quark.com/qpp/publishing/schema"
	xsi:schemaLocation="http://www.springframework.org/schema/beans http://www.springframework.org/schema/beans/spring-beans.xsd
  http://www.springframework.org/schema/context http://www.springframework.org/schema/context/spring-context.xsd 
  http://www.springframework.org/schema/util http://www.springframework.org/schema/util/spring-util.xsd
  http://www.quark.com/qpp/publishing/schema http://www.quark.com/qpp/publishing/schema/publishingprocess.xsd">


	<!-- PROCESS DEFINITIONS -->
	<pub:process id="unzipAndCheckInToPlatform">
	
		<pub:activity class="com.quark.qpp.publishing.activity.UnzipFile">
			<description>This activity unzips the given file.</description>
			<property name="activityName">
				<value>UnzipFile</value>
			</property>
		</pub:activity>

		<pub:activity class="com.quark.qpp.publishing.activity.CheckInFolderToPlatform">
			<description>This activity creates collection corresponding to a folder and then checks in files of that folder in the newly created collection.
				This is done recursively for child folders as well.</description>
			<property name="activityName">
				<value>CheckInFolderToPlatform</value>
			</property>
			<property name="targetCollectionPath"> <!-- Collection path under which collection corresponding to the folder will be created.  -->
				<value>param:COLLECTION_PATH</value>
			</property>
			<property name="workflow"><!-- Name of the workflow in which asset is to be checked-In -->
				<value>param:WORKFLOW</value>
			</property>
			<property name="status"><!-- Status name in which the asset is to be checked-In -->
				<value>param:STATUS</value>
			</property>
			<property name="routeTo"><!-- Name of the trustee to whom the asset is to be routed. -->
				<value>param:ROUTE_TO</value>
			</property>
		</pub:activity>
		
		<pub:activity-stream-mapper>
			<property name="activityName">
				<value>UnzipFile</value>
			</property>
			<property name="inputStreamNames">
				<map>
					<entry key="ZipFile" value="RequestContent" />
				</map>
			</property>
			<property name="outputStreamNames">
				<map>
					<entry key="UnZippedFolder" value="TargetFolder" />
				</map>
			</property>
		</pub:activity-stream-mapper>

		<pub:activity-stream-mapper>
			<property name="activityName">
				<value>CheckInFolderToPlatform</value>
			</property>
			<property name="inputStreamNames">
				<map>
					<entry key="SourceFolder" value="TargetFolder" />
				</map>
			</property>
		</pub:activity-stream-mapper>

	</pub:process>

</beans>