<?xml version="1.0" encoding="UTF-8"?>

<beans xmlns="http://www.springframework.org/schema/beans"
 xmlns:xsi="http://www.w3.org/2001/XMLSchema-instance"
 xsi:schemaLocation="http://www.springframework.org/schema/beans http://www.springframework.org/schema/beans/spring-beans.xsd">
 
	<bean id="tempFileManager" class="com.quark.qpp.publishing.util.TempFileManager"/>

	<bean id="qppAssetsUriUtility" class="com.quark.qpp.publishing.util.QppAssetsUriUtility"/>

	<!-- URI HANDLING  -->
 	<bean id="qppAssetHandler" class="com.quark.qpp.publishing.uriresolver.QppUriResolver">
 		<property name="scheme" value="qpp"/>
	</bean>
	<bean id="ditaFileNaming" class="com.quark.qpp.publishing.uriresolver.DitaFileNamingScheme">
		<property name="supportedSchemeName" value="dita"/>
	</bean>

	<bean id="fileHandler" class="com.quark.qpp.publishing.uriresolver.FileUriResolver">
		<property name="scheme" value="file"/>
	</bean>

	<bean id="sharePointPropertyConfigurer" parent="placeholderConfig">
		<property name="locations">
			<list>
				<value>classpath:sharepoint.properties</value>
			</list>
		</property>
	</bean>
	<bean id="spHandler" class="com.quark.qpp.publishing.uriresolver.SharepointUriResolver">
		<property name="scheme" value="sp"/>
		<property name="userName" value="${sharepoint.username}" />
		<property name="userDomain" value="${sharepoint.userdomain}" />
		<property name="userPassword" value="${sharepoint.userpassword}" />
		<property name="siteCollectionUrl" value="${sharepoint.sitecollection}" />
	</bean>

	<bean id="httpResourceHandler" class="com.quark.qpp.publishing.uriresolver.HttpUriResolver">
		<property name="scheme" value="http"/>
		<property name="mimetypeToFileExtensionMap">
			<map>
				<entry key="image/jpeg" value="jpeg" />
				<entry key="image/gif" value="gif" />
				<entry key="text/plain" value="txt" />
				<entry key="image/tiff" value="tif" />
				<entry key="image/bmp" value="bmp" />
				<entry key="image/png" value="png" />
				<entry key="image/svg+xml" value="svg" />
				<entry key="application/xml" value="xml" />
				<entry key="application/xhtml+xml" value="xml" />
				<entry key="text/xml" value="xml" />
				<entry key="text/html" value="html" />
				<entry key="application/xhtml+xml" value="html" />
			</map>
		</property>
	</bean>
	
	<bean id="httpsResourceHandler" class="com.quark.qpp.publishing.uriresolver.HttpUriResolver">
		<property name="scheme" value="https"/>
		<property name="mimetypeToFileExtensionMap">
			<map>
				<entry key="image/jpeg" value="jpeg" />
				<entry key="image/gif" value="gif" />
				<entry key="text/plain" value="txt" />
				<entry key="image/tiff" value="tif" />
				<entry key="image/bmp" value="bmp" />
				<entry key="image/png" value="png" />
				<entry key="image/svg+xml" value="svg" />
				<entry key="application/xml" value="xml" />
				<entry key="application/xhtml+xml" value="xml" />
				<entry key="text/xml" value="xml" />
				<entry key="text/html" value="html" />
				<entry key="application/xhtml+xml" value="html" />
			</map>
		</property>
	</bean>

	<bean id="classpathResourceHandler" class="com.quark.qpp.publishing.uriresolver.ClasspathUriResolver">
		<property name="scheme" value="classpath"/>
	</bean>

	 <bean id="filenetPropertyConfigurer" parent="placeholderConfig">
		<property name="locations">
			<list>
				<value>classpath:contentengine.properties</value>
			</list>
		</property>
	</bean>

	<bean id="filenetReferenceHelper" class="com.quark.qpp.publishing.uriresolver.FilenetReferenceHelper">
		<property name="scheme" value="fileNet" />
	</bean>

	<bean id="fileNetResourceHandler" class="com.quark.qpp.publishing.uriresolver.FileNetUriResolver">
		<property name="scheme" value="fileNet" />
		<property name="userName" value="${filenet.username}" />
		<property name="userPassword" value="${filenet.userpassword}" />
		<property name="filenetUri" value="${filenet.connectionuri}" />
		<property name="stanza" value="${filenet.stanza}" />
		<property name="filenetReferenceHelper" ref="filenetReferenceHelper" />
		<property name="ditaDocsClassNamesList">
			<list>
				<value>DitaMap</value>
				<value>DitaTopic</value>
				<value>DitaTask</value>
				<value>DitaConcept</value>
				<value>DitaTopic</value>
			</list>
		</property>
	</bean>

</beans>
