<?xml version="1.0" encoding="UTF-8"?>
<beans xmlns="http://www.springframework.org/schema/beans"
 xmlns:xsi="http://www.w3.org/2001/XMLSchema-instance"
 xmlns:context="http://www.springframework.org/schema/context"
 xmlns:util="http://www.springframework.org/schema/util"
 xmlns:pub="http://www.quark.com/qpp/publishing/schema"
 xsi:schemaLocation="http://www.springframework.org/schema/beans http://www.springframework.org/schema/beans/spring-beans.xsd
  http://www.springframework.org/schema/context http://www.springframework.org/schema/context/spring-context.xsd 
  http://www.springframework.org/schema/util http://www.springframework.org/schema/util/spring-util.xsd
  http://www.quark.com/qpp/publishing/schema http://www.quark.com/qpp/publishing/schema/publishingprocess.xsd">
	
	<!-- PROCESS DEFINITION -->
	<pub:process id="ditaDocJpeg">
		<!-- 
			Expect Input content with name 'Asset' and download attachments (output 
			content name) with name 'Attachment'. 
		-->
		
		<pub:activity class="com.quark.qpp.publishing.activity.UnzipXaDocumentPackage">
			<description>Unzips and registers XA document file along with the dependencies supplied in the zip file.</description>
			<property name="activityName">
				<value>UnzipXaDocumentPackage</value>
			</property>			
			<property name="mainDitaDocNameInZip">
				<value>MainDoc.xml</value>
			</property>		
		</pub:activity>
		
		
		<pub:activity class="com.quark.qpp.publishing.activity.ResolveXADocReferences">
			<description>Resolve all attachments of input primary asset</description>
			<property name="activityName">
				<value>ResolveQppAttachmentsFromXaDoc</value>
			</property>			
			<property name="assetId">
				<value>param:ASSET_ID</value>
			</property>
			<property name="resolveQppRelations">
				<value>param:RESOLVE_QPP_RELATIONS</value>
			</property>	
			<property name="namingScheme">
				<value>dita</value>
			</property>				
			<!--  XPath expression pointing to element nodes containing references-->
			<property name="xpathExpression">
				 <value>//*[@href][not(name()='keydef')] [not(name()='xref')] | //*[@conref] | //xref[not(@format) or @format='dita' or @format='ditamap'] | //keydef[@format='dita' or @format='ditamap']</value>
			</property>
			<!-- List of attribute names to be used as referenced attributes in the elements nodes evaluated by either above mentioned XPath or xpath relation attribute in case of QPP relations.
			     Any of the below mentioned references attribute that matches first would be considered. -->
			<!-- Namespaced attributes should be specified with their appropriate prefix prefix for example: 	<value>xlink:href</value> -->
			<property name="referenceAttributesList">
				<list>
					<value>conref</value>
					<value>href</value>
				</list>
			</property>	
			<!--XPath expression to file extension map to be used for resolving base64-encoded binary images -->
			<property name="xpathToFileExtMapForBinaryImages">
				<map>
					<entry key="//image[not(@href) and @content-type='gif']" value="gif"/>					
				</map>
			</property>
			<!-- Name of the reference attribute which is created in the binary image tag (fetched from xpath). Value of this attribute would be name of the temp file created from the binary data-->
			<property name="binaryImageRefAttribute">
				<value>href</value>
			</property>		
		</pub:activity>
		
		
		<pub:activity class="com.quark.qpp.publishing.activity.XslTransform" init-method="init">
			<description>Cleans up given XA documents using the given XSL</description>
			<property name="activityName">
				<value>MainDocCleanUpXslTransform</value>
			</property>
			<property name="xslt">
				<value>classpath:XACleanUp.xsl</value>
			</property>
			<property name="factoryClassName">
				<value>net.sf.saxon.TransformerFactoryImpl</value>
			</property>
			<property name="outFolderName">
				<value>CollectedContent</value>
			</property>
			<property name="passChannelParametersToXsl">
				<value>true</value>
			</property>
		</pub:activity>
				
		<pub:activity class="com.quark.qpp.publishing.activity.XslTransform" init-method="init">
			<description>Cleans up given XA documents using the given XSL</description>
			<property name="activityName">
				<value>AttachmentsCleanUpXslTransform</value>
			</property>
			<property name="xslt">
				<value>classpath:XACleanUp.xsl</value>
			</property>
			<property name="factoryClassName">
				<value>net.sf.saxon.TransformerFactoryImpl</value>
			</property>
			<!-- This folder will be created inside the process temp folder so that thransormed xml file names are same -->
			<property name="outFolderName">
				<value>CollectedContent</value>
			</property>
			<property name="passChannelParametersToXsl">
				<value>true</value>
			</property>
		</pub:activity>
		
		<pub:activity class="com.quark.qpp.publishing.activity.CopyContentToProcessFolder">		
			<description>Copies all inputs to given process folder</description>		
			<property name="activityName">
				<value>CopyToProcessFolder</value>
			</property>
			<property name="processFolder">
				<value>CollectedContent</value>
			</property>		
		</pub:activity>
		
		<pub:activity class="com.quark.qpp.publishing.activity.DitaRenderer">
			<description>Converts a DITA document or DITA map to given render formats like PDF, WordRTF, XHTML, ODT etc..</description>
			<property name="activityName">
				<value>DitaRenderer</value>
			</property>
			<property name="ditaHome">
				<value>${DITA_HOME}</value>
			</property>
			<property name="transtype">
				<value>PDF</value>
			</property>		
			<property name="ditaval">
				<value>param:DITAVAL</value><!-- For conditional processing of the DITA document specify a valid .ditaval file or directly the ditaval XML -->
			</property>			
			<property name="ditaOTPatramaters">
				<value>param:DITA_OT_PARAMETERS</value>
			</property>	
		</pub:activity>
		
		<pub:activity class="com.quark.qpp.publishing.activity.JawsRenderer">
			<description>Generate preview of PDF document</description>
			<property name="activityName">
				<value>JawsRenderer</value>
			</property>
			<property name="jawsHome">
				<value>${JAWS_HOME}</value>
			</property>
			<property name="previewWidth">
				<value>param:IMAGE_HEIGHT</value>
			</property>
			<property name="previewHeight">
				<value>param:IMAGE_WIDTH</value>
			</property>
			<property name="maxPagesToRender">
				<value>param:MAX_PAGES</value>
			</property>
			<property name="previewFileType">
				<value>jpg</value>
			</property>
			<property name="resolutionInDpi">
				<value>200</value>
			</property>												
		</pub:activity>
		
		
		<pub:activity-stream-mapper>
			<property name="activityName">
				<value>UnzipXaDocumentPackage</value>
			</property>
			<property name="inputStreamNames">
				<map>
					<entry key="ZippedContent" value="RequestContent" />
				</map>
			</property>
			<property name="outputStreamNames">
				<map>
					<entry key="XmlAttachment" value="XmlAttachment" />
					<entry key="NonXmlAttachment" value="NonXmlAttachment" />
					<entry key="MainDitaDoc" value="MainXaDoc" />
				</map>
			</property>
		</pub:activity-stream-mapper>
		
		
			<pub:activity-stream-mapper>
			<property name="activityName">
				<value>ResolveQppAttachmentsFromXaDoc</value>
			</property>
			<property name="inputStreamNames">
				<map>
					<entry key="XaDoc" value="MainXaDoc" />
				</map>
			</property>
			<property name="outputStreamNames">
				<map>
					<entry key="XmlAttachment" value="XmlAttachment" />
					<entry key="NonXmlAttachment" value="NonXmlAttachment" />
					<entry key="UpdatedXaDoc" value="MainDitaDoc" />
				</map>
			</property>
		</pub:activity-stream-mapper>
		<pub:activity-stream-mapper>
			<property name="activityName">
				<value>MainDocCleanUpXslTransform</value>
			</property>
			<property name="inputStreamNames">
				<map>
					<entry key="XMLFile" value="MainDitaDoc" />
				</map>
			</property>
			<property name="outputStreamNames">
				<map>
					<entry key="ModifiedXML" value="CleanedUpMainDitaDoc" />
				</map>
			</property>
		</pub:activity-stream-mapper>
		<pub:activity-stream-mapper>
			<property name="activityName">
				<value>AttachmentsCleanUpXslTransform</value>
			</property>
			<property name="inputStreamNames">
				<map>
					<entry key="XMLFile" value="XmlAttachment" />
				</map>
			</property>
			<property name="outputStreamNames">
				<map>
					<entry key="ModifiedXML" value="CleanedUpXmlAttachment" />
				</map>
			</property>
		</pub:activity-stream-mapper>
		
		<pub:activity-stream-mapper>
			<property name="activityName">
				<value>CopyToProcessFolder</value>
			</property>
			<property name="inputStreamNames">
				<map>
					<entry key="SourceContent" value="NonXmlAttachment" />
				</map>
			</property>
			<property name="outputStreamNames">
				<map>
					<entry key="TargetContent" value="NonXmlAttachmentInProcessFolder" />
				</map>
			</property>
		</pub:activity-stream-mapper>
				
		<pub:activity-stream-mapper>
			<property name="activityName">
				<value>DitaRenderer</value>
			</property>
			<property name="inputStreamNames">
				<map>
					<entry key="DitaFile" value="CleanedUpMainDitaDoc" />
					<entry key="DependentFile" value="CleanedUpXmlAttachment" />
				</map>
			</property>
			<property name="outputStreamNames">
				<map>
					<entry key="DITA-OUT" value="DITA-PDF" />
				</map>
			</property>
		</pub:activity-stream-mapper>
		
		<pub:activity-stream-mapper>
			<property name="activityName">
				<value>JawsRenderer</value>
			</property>
			<property name="inputStreamNames">
				<map>
					<entry key="PDF" value="DITA-PDF" />
				</map>
			</property>
			<property name="outputStreamNames">
				<map>
					<entry key="PREVIEWS" value="PREVIEWS" />
				</map>
			</property>
		</pub:activity-stream-mapper>
		
		<!-- Process OutPut -->
		<pub:deliverable-output>
			<property name="deliveryContentNames">
				<list>
					<value>PREVIEWS</value>
				</list>
			</property>
		</pub:deliverable-output>
	</pub:process>
</beans>
