<?xml version="1.0" encoding="UTF-8"?>
<beans xmlns="http://www.springframework.org/schema/beans"
 xmlns:xsi="http://www.w3.org/2001/XMLSchema-instance"
 xmlns:context="http://www.springframework.org/schema/context"
 xmlns:util="http://www.springframework.org/schema/util"
 xmlns:pub="http://www.quark.com/qpp/publishing/schema"
 xsi:schemaLocation="http://www.springframework.org/schema/beans http://www.springframework.org/schema/beans/spring-beans.xsd
  http://www.springframework.org/schema/context http://www.springframework.org/schema/context/spring-context.xsd 
  http://www.springframework.org/schema/util http://www.springframework.org/schema/util/spring-util.xsd
  http://www.quark.com/qpp/publishing/schema http://www.quark.com/qpp/publishing/schema/publishingprocess.xsd">
	
	<!-- PROCESS DEFINITIONS -->
	<pub:process id="xmlToAppStudioPackage">
	
		<pub:activity class="com.quark.qpp.publishing.activity.UnzipXaDocumentPackage">
			<description>Unzips and registers XA document file along with the dependencies supplied in the zip file.</description>
			<property name="activityName">
				<value>UnzipXaDocumentPackage</value>
			</property>			
			<property name="mainDitaDocNameInZip">
				<value>MainDoc.xml</value>
			</property>		
		</pub:activity>
		
		<!-- 
			This activity download attachments (output 
			content name) with name 'AssetWithAttributes' for the asset whose id is given.
			Other activities down the chain can access values of required attributes 
			with their content info getAttribute(QPSAttributeId) method
		-->
		<pub:activity class="com.quark.qpp.publishing.activity.ResolveXADocReferences">
			<description>Resolve all attachments of input primary asset</description>
			<property name="activityName">
				<value>ResolveQppAttachmentsFromXaDoc</value>
			</property>				
			<property name="assetId">
				<value>param:ASSET_ID</value>
			</property>
			<property name="resolveQppRelations">
				<value>param:RESOLVE_QPP_RELATIONS</value>
			</property>	
			<property name="namingScheme">
				<value>dita</value>
			</property>
			<!--  XPath expression pointing to element nodes containing references-->
			<property name="xpathExpression">
				<value>//*[@href][not(name()='xref')] | //*[@conref] | //xref[not(@format) or @format='dita' or @format='ditamap']</value>
			</property>
			<!-- List of attribute names to be used as referenced attributes in the elements nodes evaluated by either above mentioned XPath or xpath relation attribute in case of QPP relations.
			     Any of the below mentioned references attribute that matches first would be considered. -->
			<!-- Namespaced attributes should be specified with their appropriate prefix prefix for example: 	<value>xlink:href</value> -->
			<property name="referenceAttributesList">
				<list>
					<value>conref</value>
					<value>href</value>
				</list>
			</property>	
			<!--XPath expression to file extension map to be used for resolving base64-encoded binary images -->
			<property name="xpathToFileExtMapForBinaryImages">
				<map>
					<entry key="//image[not(@href) and @content-type='gif']" value="gif"/>					
				</map>
			</property>
			<!-- Name of the reference attribute which is created in the binary image tag (fetched from xpath). Value of this attribute would be name of the temp file created from the binary data-->
			<property name="binaryImageRefAttribute">
				<value>href</value>
			</property>		
		</pub:activity>
		
		<pub:activity class="com.quark.qpp.publishing.activity.XslTransform" init-method="init">
			<description>Cleans up given XA documents using the given XSL</description>
			<property name="activityName">
				<value>MainDocCleanUpXslTransform</value>
			</property>
			<property name="xslt">
				<value>classpath:XACleanUpBusdoc.xsl</value>
			</property>
			<property name="factoryClassName">
				<value>net.sf.saxon.TransformerFactoryImpl</value>
			</property>
			<property name="outFolderName">
				<value>CollectedContent</value>
			</property>
			<property name="passChannelParametersToXsl">
				<value>true</value>
			</property>
		</pub:activity>
				
		<pub:activity class="com.quark.qpp.publishing.activity.XslTransform" init-method="init">
			<description>Cleans up given XA documents using the given XSL</description>
			<property name="activityName">
				<value>AttachmentsCleanUpXslTransform</value>
			</property>
			<property name="xslt">
				<value>classpath:XACleanUpBusdoc.xsl</value>
			</property>
			<property name="factoryClassName">
				<value>net.sf.saxon.TransformerFactoryImpl</value>
			</property>
			<!-- This folder will be created inside the process temp folder so that thransormed xml file names are same -->
			<property name="outFolderName">
				<value>CollectedContent</value>
			</property>
			<property name="passChannelParametersToXsl">
				<value>true</value>
			</property>
		</pub:activity>
		
			<!-- 
		Expect Input content with name 'XMLFile' and put modifiedXML with (output 
		content name) with name 'ModifiedXML'. 
		-->
		<pub:activity class="com.quark.qpp.publishing.activity.XslTransform" init-method="init">
		 	<description>Apply XSL on input XML</description>
		 	<property name="activityName">
				<value>ModifierTransform</value>
			</property>
			<property name="xslt">
				<value>PARAM:XSL_URI</value>
			</property>
			<property name="factoryClassName">
				<value>net.sf.saxon.TransformerFactoryImpl</value>
			</property>
		</pub:activity>
		
		<!-- 
		Expect three input content with name 'Asset','Attachment' and 'ModifierXML'.
		Put modified file (output content name) with name 'QxpsRenderOutput'. 
		-->
		<pub:activity class="com.quark.qpp.publishing.activity.QxpsModifyRender">
			<description>Input a modifier XML, flow its content in a QuarkXPress Template and generate PDF output</description>
			<property name="activityName">
				<value>QxpsModifyRender</value>
			</property>
			<property name="templateUri">
				<value>param:QXP_TEMPLATE_URI</value> 
			</property>
			<!-- List of comma separated attachments URIs used in XPress template. -->
			<property name="templateAttachmentURIs">
				<value>param:QXP_TEMPLATE_ATTACHMENTS_URI</value>				
			</property>
			<property name="videoPreviewUri">
				<value>classpath:Default_Video_Preview.jpg</value>
			</property>
			<property name="renderFormat">
				<value>param:RENDER_FORMAT</value>
			</property>
			<property name="outputStyle">
				<value>param:OUTPUT_STYLE</value>
			</property>
			<property name="annotateErrors">
				<value>param:ANNOTATE_ERRORS</value>
			</property>
			<property name="appendErrors">
				<value>param:APPEND_ERRORS</value>
			</property>
			<property name="organization">
				<value>param:ORGANIZATION</value>
			</property>
			<property name="publication">
				<value>param:PUBLICATION</value>
			</property>
			<property name="issue">
				<value>param:ISSUE</value>
			</property>
			<property name="articleTitle">
				<value>param:ARTICLE_TITLE</value>
			</property>
			<property name="articleSource">
				<value>param:ARTICLE_SOURCE</value>
			</property>
			<property name="upload">
				<value>false</value>
			</property>
			<!-- Name of the user to be logged on to AppStudio -->
			<property name="username">
				<value>param:USERNAME</value>
			</property>
			<!-- Password of the user to be logged on to AppStudio -->
			<property name="password">
				<value>param:PASSWORD</value>
			</property>
			<property name="convertSectionToPages">
				<value>param:CONVERT_SECTIONS_TO_PAGE_STACK</value>
			</property>
		</pub:activity>
		
		<pub:activity class="com.quark.qpp.publishing.activity.AppStudioArticleToIssueConverter">
				<description>This activity takes AppStudio Article zip as input content. Creates isson.json file and appends this file to the 
				 input App Studio article and finally returns App Studio Package.</description>
			<property name="activityName">
				<value>AppStudioArticleToIssueConverter</value>
			</property>
			<property name="title">
				<value>param:TITLE</value>
			</property>
			<property name="subTitle">
				<value>param:SUB_TITLE</value>
			</property>
			<property name="publishedDate">
				<value>param:PUBLISHED_DATE</value>
			</property>
			<property name="issueId">
				<value>param:ISSUE_ID</value>
			</property>
			<property name="direction">
				<value>param:READING_DIRECTION</value>
			</property>
		</pub:activity>
				
		<!-- Activity Streams Mapper -->
		<pub:activity-stream-mapper>
			<property name="activityName">
				<value>UnzipXaDocumentPackage</value>
			</property>
			<property name="inputStreamNames">
				<map>
					<entry key="ZippedContent" value="RequestContent" />
				</map>
			</property>
			<property name="outputStreamNames">
				<map>
					<entry key="XmlAttachment" value="XmlAttachment" />
					<entry key="NonXmlAttachment" value="NonXmlAttachment" />
					<entry key="MainDitaDoc" value="MainDitaDoc" />
				</map>
			</property>
		</pub:activity-stream-mapper>
		
		<pub:activity-stream-mapper>
			<property name="activityName">
				<value>ResolveQppAttachmentsFromXaDoc</value>
			</property>
			<property name="inputStreamNames">
				<map>
					<entry key="XaDoc" value="MainDitaDoc" />
				</map>
			</property>
			<property name="outputStreamNames">
				<map>
					<entry key="XmlAttachment" value="XmlAttachment" />
					<entry key="NonXmlAttachment" value="NonXmlAttachment" />
					<entry key="UpdatedXaDoc" value="UpdatedXaDoc" />
				</map>
			</property>
		</pub:activity-stream-mapper>
		<pub:activity-stream-mapper>
			<property name="activityName">
				<value>MainDocCleanUpXslTransform</value>
			</property>
			<property name="inputStreamNames">
				<map>
					<entry key="XMLFile" value="UpdatedXaDoc" />
				</map>
			</property>
			<property name="outputStreamNames">
				<map>
					<entry key="ModifiedXML" value="CleanedUpMainDitaDoc" />
				</map>
			</property>
		</pub:activity-stream-mapper>
		
		<pub:activity-stream-mapper>
			<property name="activityName">
				<value>AttachmentsCleanUpXslTransform</value>
			</property>
			<property name="inputStreamNames">
				<map>
					<entry key="XMLFile" value="XmlAttachment" />
				</map>
			</property>
			<property name="outputStreamNames">
				<map>
					<entry key="ModifiedXML" value="CleanedUpXmlAttachment" />
				</map>
			</property>
		</pub:activity-stream-mapper>
	
		<pub:activity-stream-mapper>
			<property name="activityName">
				<value>ModifierTransform</value>
			</property>
			<property name="inputStreamNames">
				<map>
					<entry key="XMLFile" value="CleanedUpMainDitaDoc" />
				</map>
			</property>
			<property name="outputStreamNames">
				<map>
					<entry key="ModifiedXML" value="ModifierXML" />
				</map>
			</property>
		</pub:activity-stream-mapper>
		
		<pub:activity-stream-mapper>
			<property name="activityName">
				<value>QxpsModifyRender</value>
			</property>
			<property name="inputStreamNames">
				<map>
					<entry key="ModifierXML" value="ModifierXML" />					
					<entry key="Attachment" value="NonXmlAttachment" />
				</map>
			</property>
			<property name="outputStreamNames">
				<map>
					<entry key="QxpsRenderOutput" value="QxpsRenderOutput" />
				</map>
			</property>
		</pub:activity-stream-mapper>
		
		<pub:activity-stream-mapper>
			<property name="activityName">
				<value>AppStudioArticleToIssueConverter</value>
			</property>
			<property name="inputStreamNames">
				<map>
					<entry key="AppStudioArticle" value="QxpsRenderOutput" />
				</map>
			</property>
			<property name="outputStreamNames">
				<map>
					<entry key="AppStudioIssuePackage" value="AppStudioPackage" />
				</map>
			</property>
		</pub:activity-stream-mapper>
		
		<!-- Process OutPut -->
		<pub:deliverable-output>
			<property name="deliveryContentNames">
				<list>
					<value>AppStudioPackage</value>
				</list>
			</property>
		</pub:deliverable-output>
				
	</pub:process>	

</beans>
