<?xml version="1.0" encoding="UTF-8"?>
<!DOCTYPE beans PUBLIC "-//SPRING//DTD BEAN//EN"
    "http://www.springframework.org/dtd/spring-beans.dtd">
<beans>
	<bean id="beanNameUrlMapping" class="org.springframework.web.servlet.handler.BeanNameUrlHandlerMapping">
	</bean>
	
	<bean name="/sendToSharePointExt.qsp"
		class="com.quark.qpp.web.extension.SharePointDeliveryChannelController">
		<property name="publishingService" ref="publishingService" />
	</bean>
	<bean name="/sendToFileNetExt.qsp"
		class="com.quark.qpp.web.extension.FileNetDeliveryChannelController">
		<property name="publishingService" ref="publishingService" />
	</bean>
	
	<bean name="/sendToDocumentumExt.qsp"
			class="com.quark.qpp.web.extension.DocumentumDeliveryChannelController">
			<property name="publishingService" ref="publishingService" />
	</bean>
	
	<bean name="/sendToEMailExt.qsp"
		class="com.quark.qpp.web.extension.EmailDeliveryChannelController">
		<property name="publishingService" ref="publishingService" />
		<property name="assetService" ref="assetService"></property>
		<property name="contentStructureService" ref="contentStructureService"></property>
	</bean>

</beans>