<WebHub>
	<page name="UserHome">
		<taskpane>
			<plugin id="workspace-plugin">
				<toolbar>
					<button id="sendtosharepointId" text="sendToSharePoint"
						tooltip="sendToSharePoint" addToContextMenu="true" 
                        handler="DeliveryChannelExt.sendToSharePoint"
                        icon="/images/extension/sendToServer.png"
					/>
					<button id="sendtofilenetId" text="sendToFileNet"
						tooltip="sendToFileNet" addToContextMenu="true" 
                        handler="DeliveryChannelExt.sendToFileNet"
                        icon="/images/extension/sendToServer.png"
					/>
					<button id="sendtodocumentumId" text="sendToDocumentum"
						tooltip="sendToDocumentum" addToContextMenu="true" 
					      	handler="DeliveryChannelExt.sendToDocumentum"
						icon="/images/extension/sendToServer.png"
					/>
					<button id="sendToMailRecipientId" text="sendToMaiRecipient"
						tooltip="sendToMaiRecipient" addToContextMenu="true" 
                        handler="DeliveryChannelExt.sendToEmail"
                        icon="/images/extension/sendEmail.png"
					/>
				</toolbar>
			</plugin>
		</taskpane>
	</page>
</WebHub>
