<?xml version="1.0" encoding="UTF-8"?>
<?oxygen RNGSchema="Resources.rng" type="xml"?>
<resources>
	<!-- Sections -->
    <section type="Assessment" label="Assessment">
		<title placeholder="[Assessment Title PlaceHolder]" default="Assessment" />
		<body default="Assessment Content" />
	</section>
    <section type="Assessment_Item" label="Assessment Item">
		<title placeholder="[Assessment Item Title PlaceHolder]" default="Assessment Item" />
		<body default="Assessment Item Content" />
	</section>
    <section type="Assessment_Summary" label="Assessment Summary">
		<title placeholder="[Assessment Summary Title PlaceHolder]" default="Assessment Summary" />
		<body default="Assessment Summary Content" />
	</section>

	<!-- Paragraphs -->
	<para type="p" label="Body Text"  />
	<para type="note" label="Note"  />
	<para type="lq" label="Quote"  />

	<list type="roman" label="Roman"  />
	<list type="alpha" label="Alpha"  />

	<table type="virus-list" label="Virus List"  />
	<table type="disease-list" label="Disease List"  />
 
	<region type="box" label="Box"/>

	<!-- Tags -->
	<tag type="quote" label="Quote"  />
	<tag type="keyword" label="Keyword" style="highlight" />
	<tag type="term" label="Term" />
	<tag type="tm" label="Trademark"  />
	<tag type="cite" label="Citation" style="important" />
</resources>