<?xml version="1.0" encoding="UTF-8"?>
<!DOCTYPE beans PUBLIC "-//SPRING//DTD BEAN//EN"
    "http://www.springframework.org/dtd/spring-beans.dtd">
<beans>
	<bean id="beanNameUrlMapping"
		class="org.springframework.web.servlet.handler.BeanNameUrlHandlerMapping">
		<property name="interceptors">
			<list>
				<ref bean="sessionValidator" />
			</list>
		</property>
	</bean>
	<bean id="sessionValidator" class="com.quark.qpp.web.webeditor.controller.SessionValidator">
		<property name="customLoginUrl">
			<value></value>
		</property>
	</bean>
	
	<bean id="checkInExtensionController" name="/checkInExt.qsp"
		class="com.quark.qpp.web.webeditor.extension.checkin.CheckInExtensionController">
		<property name="assetService" ref="assetService" />
		<property name="attributeService" ref="attributeService" />
		<property name="collectionService" ref="collectionService" />
		<property name="contentStructureService" ref="contentStructureService" />
		<property name="methodNameResolver">
			<ref bean="paramResolverExt" />
		</property>
	</bean>

	
	<bean id="paramResolverExt"
		class="org.springframework.web.servlet.mvc.multiaction.ParameterMethodNameResolver">
		<property name="paramName">
			<value>do</value>
		</property>
	</bean>
	
</beans>