<?xml version="1.0" encoding="UTF-8"?>
<!DOCTYPE beans PUBLIC "-//SPRING//DTD BEAN//EN"
    "http://www.springframework.org/dtd/spring-beans.dtd">
<beans>
	<!--
	Specify your spring beans here. For url mapping, you can declare a SimpleUrlHandlerMapping or BeaNameUrlHandlerMapping. 
	In case of BeanNameUrlHandlerMapping the bean name must be the same as the url of the request. The requested url should
	end with .qsp or make an entry
	<bean name="beanName"
		class="FullyQualifiedClassName">
	</bean>
	 -->
	 <bean id="beanNameUrlMapping" class="org.springframework.web.servlet.handler.BeanNameUrlHandlerMapping">
	</bean>
	
	<bean name="/getCustomAttributeValueExt.qsp" class="com.quark.qpp.web.webeditor.controller.AppStudioWebUrlController">
		<property name="assetService" ref="assetService" />
		<property name="attributeService" ref="attributeService" />
	</bean>
</beans>