<WebHub>
	<page name="UserHome">
		<!--
			The message corresponding to text and tooltip keys have to be
			declared in message.properties file available under
			WEB-INF\classes\i18n\extension folder. The javascript file containing
			the handler method implementation should be placed in js/extension
			folder.
			
			The workspace toolbar items can be reused by using the following ids:
			Functionality			: Item Id
			***********************************************
			Create New Asset		: create-new-asset 
			Checkout Asset			: show-check-out 
			Checkin Asset			: checkin
			Checkin New Asset		: checkin-other
			Get Asset 				: get-menu-btn 
			New Search 				: new-search-btn 
			Edit Attributes 		: show-edit-attributes 
			Asset Preview 			: show-Asset-Preview
			Duplicate Asset 		: duplicate-asset
			Delete Asset 			: delete-asset
			View Asset Revisions	: view-revisions
			Show Asset Attachment	: Info 	attachment-info
		-->
		<taskpane>
			<plugin id="workspace-plugin">
				<toolbar>
					<!--
						Add buttons into the workspace toolbar here. To add the button in the
						context menu, set value for addToContextMenu to true, otherwise set to
						false.
					-->
					<button id="appStudioWebUrlBtn" text="open_appstudio_url"
						tooltip="open_appstudio_url" addToContextMenu="true" 
                        handler="AppStudioWebUrlHandler.getAttributeValue"
						icon="/images/extension/icon.png" />
				</toolbar>
			</plugin>

			<!-- Add plug-ins into QPS WebHub here. -->
			<!--
				<plugin id="uniqueIdOftheButton" text="pluginName"
					icon="PathToPluginIconImage"
					navigationPanelId="DivIdForPluginNavigationPanel"
					mainLayoutId="DivIdForPluginMainLayoutPanel"> 
					<toolbar> 
						<button	id="uniqueIdOftheButton" text="labelKey" 
							tooltip="tooltipKey" handler="nameOfHandlerFunction" icon="PathToIconImage" />
						
						To reuse buttons:
						<button	id="idOfTheButtonToBeReused"/>  
					</toolbar>
					
				</plugin>
			-->
		</taskpane>
	</page>
</WebHub>
