<?xml version="1.0" encoding="UTF-8"?>
<beans xmlns="http://www.springframework.org/schema/beans"
	xmlns:xsi="http://www.w3.org/2001/XMLSchema-instance" xmlns:context="http://www.springframework.org/schema/context"
	xsi:schemaLocation="http://www.springframework.org/schema/beans http://www.springframework.org/schema/beans/spring-beans.xsd
	http://www.springframework.org/schema/context http://www.springframework.org/schema/context/spring-context.xsd">

	<!-- To enable auto detection of annotated controllers, add component scanning to your configuration -->
	<context:component-scan base-package="com.quark.qpp.service.facade" />
		
	<!-- Transforms QPS compliant objects into marshaller compliant objects -->
	<bean id="objectTranformer" class="com.quark.qpp.service.objectTransformer.jaxb.JaxbObjectTransformer" />
	
	<!-- Utility beans -->
	<bean id="facadeUtility" class="com.quark.qpp.service.utility.FacadeUtility"/>
	<bean id="attributeUtility" class="com.quark.qpp.service.utility.AttributeUtility"/>
	<bean id="archiveRestoreUtility" class="com.quark.qpp.service.utility.ArchiveRestoreUtility"/>

	<!-- Validates the user privileges against an operation. -->
	<bean id="privilegeValidator" class="com.quark.qpp.service.validator.PrivilegeValidator" init-method="init"/>
	
	<!-- Controllers contain the business logic. Facades delegate the call to controllers for any operation.  -->
	<bean id="attributeDomainController" class="com.quark.qpp.service.controller.AttributeDomainController"/>
	<bean id="attributeController" class="com.quark.qpp.service.controller.AttributeController"/>
	<bean id="contentTypeController" class="com.quark.qpp.service.controller.ContentTypeController"/>
	<bean id="workflowController" class="com.quark.qpp.service.controller.WorkflowController"/>
	<bean id="roleController" class="com.quark.qpp.service.controller.RoleController"/>
	<bean id="trusteeController" class="com.quark.qpp.service.controller.TrusteeController"/>
	<bean id="collectionController" class="com.quark.qpp.service.controller.CollectionController"/>
	<bean id="storageController" class="com.quark.qpp.service.controller.StorageController"/>
	<bean id="relationController" class="com.quark.qpp.service.controller.RelationController"/>
	<bean id="formController" class="com.quark.qpp.service.controller.FormController"/>
	<bean id="userProvisioningController" class="com.quark.qpp.service.controller.UserProvisioningController"/>
	<bean id="preferenceController" class="com.quark.qpp.service.controller.PreferenceController"/>
	<bean id="privilegeController" class="com.quark.qpp.service.controller.PrivilegeController"/>


	<bean id="serviceFacadeCallAroundAdvice" class="com.quark.qpp.service.aopadvice.ServiceFacadeCallAroundAdvice">
		<property name="controllerPackageNames">
			<list>
				<value>com.quark.qpp.service</value>
				<value>com.quark.qpp.xmldatafacade</value>
			</list>
		</property>
	</bean>
	
	<bean id="seviceFacadeCallInterceptor" class="org.springframework.aop.framework.autoproxy.BeanNameAutoProxyCreator">
		<property name="beanNames">
			<list>
				<value>adminFacade</value>
				<value>archiveFacade</value>
				<value>restAssetFacade</value>
				<value>assetsByPathFacade</value>
				<value>chartingByPathFacade</value>
				<value>chartingFacade</value>
				<value>collectionFacade</value>
				<value>collectionsByPathFacade</value>
				<value>configurationFacade</value>
				<value>logsFacade</value>
				<value>officeByPathFacade</value>
				<value>officeFacade</value>
				<value>publishByPathFacade</value>
				<value>publishFacade</value>
				<value>queryDefinitionFacade</value>
				<value>queryFacade</value>
				<value>restoreFacade</value>
				<value>scriptFacade</value>
				<value>sessionFacade</value>
				<value>clipboardFacade</value>
			</list>
		</property>
		<property name="interceptorNames">
			<list>
				<value>serviceFacadeCallAroundAdvice</value>
			</list>
		</property>		
	</bean>
		
</beans>
