<?xml version="1.0" encoding="UTF-8"?>
<?oxygen RNGSchema="Resources.rng" type="xml"?>
<resources>
	<!-- Sections -->
    <section type="OutbreakNotice" label="Outbreak Notice">
		<title placeholder="[Document Title PlaceHolder]" default="Outbreak Notice Title" />
		<body default="Document Content" />
	</section>
    <section type="Synopsis" label="Synopsis">
		<title placeholder="[Synopsis Title PlaceHolder]" default="Synopsis" />
		<body default="Synopsis Content" />
	</section>
    <section type="Assessment" label="Assessment">
		<title placeholder="[Assessment Title PlaceHolder]" default="Assessment" />
		<body default="Assessment Content" />
	</section>
    <section type="Assessment_Item" label="Assessment Item">
		<title placeholder="[Assessment Item Title PlaceHolder]" default="Assessment Item" />
		<body default="Assessment Item Content" />
	</section>
    <section type="Assessment_Summary" label="Assessment Summary">
		<title placeholder="[Assessment Summary Title PlaceHolder]" default="Assessment Summary" />
		<body default="Assessment Summary Content" />
	</section>
    <section type="Recommendations" label="Recommendations">
		<title placeholder="[Recommendations Title PlaceHolder]" default="Recommendations" />
		<body default="Recommendations Content" />
	</section>
    <section type="Action_Plan" label="Action Plan">
		<title placeholder="[Action Plan Title PlaceHolder]" default="Action Plan" />
		<body default="Action Plan Content" />
	</section>
	<section type="Action_Summary" label="Action_Summary Plan">
		<title placeholder="[Action Summary Title PlaceHolder]" default="Action Summary" />
		<body default="Action Summary Content" />
	</section>

	<!-- Paragraphs -->
	<para type="p" label="Body Text"  />
	<para type="note" label="Note"  />
	<para type="lq" label="Quote"  />

	<list type="roman" label="Roman"  />
	<list type="alpha" label="Alpha"  />

	<table type="virus-list" label="Virus List"  />
  <table type="disease-list" label="Disease List"  />
  
  <region type="box" label="Box"/>

	<!-- Tags -->
	<tag type="quote" label="Quote"  />
	<tag type="keyword" label="Keyword" style="highlight" />
	<tag type="term" label="Term" />
	<tag type="tm" label="Trademark"  />
	<tag type="cite" label="Citation" style="important" />
</resources>