<?xml version="1.0" encoding="UTF-8"?>
<!DOCTYPE configuration [
	<!ELEMENT configuration (xml-converter?, namespaces?, panels?, headertoolbar?, assetpicker?, assetpicker-settings?,sectionpicker-settings?, bursting-config?, application-settings?, toolbar?)>

	<!ELEMENT xml-converter (#PCDATA)>

	<!ELEMENT namespaces (namespace+)>
	<!ELEMENT namespace (controller*)>
	<!ELEMENT controller (#PCDATA)>
	<!ATTLIST namespace
		name CDATA #REQUIRED
		path CDATA #REQUIRED
	>

	<!ELEMENT panels (panel*)>
	<!ATTLIST panels
		collapseLeftPanel	(true | false) "false"
		hideLeftPanel (true | false) "false"
		collapseRightPanel 	(true | false) "false"
		hideRightPanel (true | false) "false"
	>
	<!ELEMENT panel (#PCDATA)>
	<!ATTLIST panel
		view-name	CDATA #REQUIRED
		controller CDATA #REQUIRED
		mode 	(edit | readonly | any) "any"
		position CDATA #REQUIRED
		config CDATA #IMPLIED
	>

	<!ELEMENT headertoolbar (button*)>
	<!ATTLIST headertoolbar
		showheader CDATA #REQUIRED
		headerlogo CDATA #REQUIRED
		lowResHeaderlogo CDATA #IMPLIED
	>
	<!ELEMENT button (#PCDATA)>
	<!ATTLIST button
		view-name	CDATA #REQUIRED
		controller CDATA #IMPLIED
		mode (edit | readonly | any) "any"
		text 	CDATA #REQUIRED
		icon 	CDATA	#REQUIRED
	>

	<!ELEMENT assetpicker (#PCDATA)>
	<!ATTLIST assetpicker
		controller CDATA #REQUIRED
		callback CDATA #REQUIRED
	>

	<!ELEMENT bursting-config (bursting-rule*,block-bursting-rule*)>
	<!ELEMENT bursting-rule (#PCDATA)>
	<!ELEMENT block-bursting-rule (selector*)>
	<!ATTLIST bursting-rule
		section-type-path CDATA #REQUIRED
		content-type CDATA #REQUIRED
	>
	<!ATTLIST block-bursting-rule
		content-type CDATA #REQUIRED
	>
	<!ELEMENT selector (selector*)>
	

	<!ELEMENT assetpicker-settings (assetpicker-setting*)>
	<!ELEMENT assetpicker-setting (#PCDATA)>
	<!ATTLIST assetpicker-setting
		id CDATA #REQUIRED
		assetBrowserId CDATA #REQUIRED
	>

	<!ELEMENT sectionpicker-settings (sectionpicker-setting*)>
	<!ELEMENT sectionpicker-setting (#PCDATA)>
	<!ATTLIST sectionpicker-setting
		contentType CDATA #REQUIRED
		assetBrowserId CDATA #REQUIRED
	>

	<!ELEMENT application-settings (add*)>
	<!ELEMENT add (#PCDATA)>
	<!ATTLIST add
		key CDATA #REQUIRED
		value CDATA #REQUIRED
	>
	
	<!ELEMENT toolbar (tab*)>
	<!ELEMENT tab (selector*,items*)>
	<!ATTLIST tab
		id CDATA #REQUIRED
		type CDATA #IMPLIED
		mode (edit | readonly | any) "any"
	>
	<!ELEMENT selector (selector*)>
	<!ATTLIST selector
		section-type-path CDATA #IMPLIED
		element-name CDATA #IMPLIED
		element-type CDATA #IMPLIED
	>
	<!ELEMENT items (item*)>
	<!ELEMENT item (#PCDATA)>
]>

<configuration>

	<namespaces>
		<namespace name="com.quark.kestrel.feature" path="js/feature" >
			<controller>com.quark.kestrel.feature.controller.RevisionCommentController</controller>
			<controller>com.quark.kestrel.feature.controller.CheckInDlgController</controller>
			<controller>com.quark.kestrel.feature.controller.NoteController</controller>
		</namespace>
		<namespace name="com.quark.kestrel.extension" path="js/extension" />
		<namespace name="com.quark.kestrel.platform" path="js/platform" />
	</namespaces>

	<panels collapseLeftPanel="false" hideLeftPanel="false" collapseRightPanel="false" hideRightPanel="false" >
		<panel position="left" mode="any" view-name="smartdoctree"  controller="com.quark.kestrel.feature.controller.SmartDocumentController" config="smartdoctree-config.xml"/>
 		<panel position="right" view-name="metaPanel" controller="com.quark.kestrel.feature.controller.MetaController" config="metapane-config.xml"/>
 		<panel position="right" view-name="xmlPreview" controller="com.quark.kestrel.feature.controller.PreviewPaneController" config="previewchannel-config.xml"/>
 		<panel position="right" view-name="commentView" controller="com.quark.kestrel.feature.controller.CommentController" config="commentpane-config.xml"/>
		<panel position="right" view-name="notePanel" controller="com.quark.kestrel.feature.controller.NoteController" />
		<panel position="right" view-name="indexPanel" controller="com.quark.kestrel.feature.controller.IndexController"/> 
 		<panel position="right" view-name="refersToPanel"  controller="com.quark.kestrel.feature.controller.RelationController"/>
 		<panel position="right" view-name="referencedPanel" controller="com.quark.kestrel.feature.controller.RelationController"/>
	</panels>
	<headertoolbar showheader="true" headerlogo="/images/quark-logo.png" lowResHeaderlogo="/images/quark-logo-32.png">
		<button view-name="hdr-tbar-btn-check-in" text="Save Revision" icon="/images/save-icon.png"  mode="edit" />
		<button view-name="hdr-tbar-btn-check-in-and-close" text="Save &amp; Close" icon="/images/save-close-icon.png" mode="edit" />
		<button view-name="hdr-tbar-btn-cancel-checkout" text="Discard Changes" icon="/images/discard-icon.png" mode="edit" />
		<button view-name="hdr-tbar-btn-close" text="Close" icon="/images/close-icon.png"/>
	</headertoolbar>
	
	<bursting-config>
		 <bursting-rule section-type-path="/OutbreakNotice/Assessment" content-type="Assessment" />  
	</bursting-config>
	
	<toolbar>
		<tab id="home" type="main">
			<items>
				<item>Undo</item>
				<item>Redo</item>
				<item>-</item>
				<item>ParaCombo</item>
				<item>InlineStyles</item>
				<item>-</item>
				<item>Bold</item>
				<item>Italic</item>
				<item>Underline</item>
				<item>-</item>
				<item>Strike</item>
				<item>Subscript</item>
				<item>Superscript</item>
				<item>-</item>
				<item>BulletedList</item>
				<item>NumberedList</item>
				<item>-</item>
				<item>Indent</item>
				<item>Outdent</item>
				<item>-</item>
				<item>Find</item>
				<item>Replace</item>
				<item>-</item>
				<item>Scayt</item>
				<item>refresh</item>
			</items>
		</tab>
		<tab id="insert" type="main" mode="edit">
			<items>
				<item>calstable</item>
				<item>datatable</item>
				<item>insert-region</item>
				<item>insert-region-from-server</item>
				<item>-</item>
				<item>figure</item>
				<item>imagepicker</item>
				<item>video</item>
				<item>-</item>
				<item>Excel</item>
				<item>insert-ppt</item>
				<item>insert-visio</item>
				<item>-</item>
				<item>SpecialChar</item>
				<item>ckeditor_wiris_formulaEditor</item>
			</items>
		</tab>
		<tab id="review" type="main">
			<items>
				<item>addComment</item>
				<item>deleteComment</item>
				<item>-</item>
				<item>Tracking</item>
				<item>Highlighting</item>
				<item>NextChange</item>
				<item>PreviousChange</item>
				<item>-</item>
				<item>Accept</item>
				<item>Reject</item>
			</items>
		</tab>
		<tab id="references">
			<items>
				<item>Link</item>
				<item>xref</item>
				<item>updatexref</item>
				<item>-</item>
				<item>FootNote</item>
				<item>EndNote</item>
				<item>-</item>
				<item>create-table-component</item>
				<item>replace-table-from-server</item>
				<item>-</item>
				<item>create-region-component</item>
				<item>replace-region-from-server</item>
				<item>-</item>
				<item>edit-block-component</item>
				<item>save-block-component</item>
				<item>save-close-block-component</item>
				<item>cancel-checkout-block-component</item>
				<item>-</item>
				<item>refresh</item>
				<item>remove-component-reference</item>
				<item>pin-component-reference</item>
				<item>unpin-component-reference</item>
				
			</items>
		</tab>
		<!-- A 'toolTab' is contextual toolbar tab which will be available in editor UI only when author's selection
			is in a specific part of document. Part of document where the toolbar tab should be available may be
			configured using <selector> configuration element -->
		<tab id="region" type="toolTab">
			<selector element-name="region" />
			<items>	
				<item>regionTypeCombo</item>
				<item>insert-region-title</item>
				<item>insert-para-after-region</item>
				<item>remove-region</item>
				
			</items>
		</tab>
		<tab id="table" type="toolTab">
			<selector element-name="table" />
			<selector element-name="bodydiv" element-type="formaltable" />
			<items>
				<item>tableTypeCombo</item>
				<item>insert-table-title</item>
				<item>insert-table-description</item>
				<item>add-para-after</item>
				<item>-</item>
				<item>insert-row-before</item>
				<item>insert-row-after</item>
				<item>insert-column-left</item>
				<item>insert-column-right</item>
				<item>-</item>
				<item>split-cells-horizontal</item>
				<item>split-cells-vertical</item>
				<item>merge-cells</item>
				<item>-</item>
				<item>row-delete</item>
				<item>column-delete</item>
				<item>delete-table</item>
				
			</items>
		</tab>
		<tab id="samples">
			<items>
				<item>viewxml</item>
			</items>
		</tab>
	</toolbar>
	
</configuration>