<?xml version="1.0" encoding="UTF-8"?>
<!DOCTYPE beans PUBLIC "-//SPRING//DTD BEAN//EN"
    "http://www.springframework.org/dtd/spring-beans.dtd">
<beans>
	<bean id="beanNameUrlMapping" class="org.springframework.web.servlet.handler.BeanNameUrlHandlerMapping">
	</bean>
	
	<bean name="/datadoc/getAllPublishingChannels.qsp" class="com.quark.qpp.web.webeditor.datadoc.DatadocController">
		<property name="publishFacade" ref="publishFacade" />
		<property name="methodNameResolver">
			<ref bean="paramResolverExt" />
		</property>
	</bean>
    
    <bean name="/datadoc/createDatadoc.qsp" class="com.quark.qpp.web.webeditor.datadoc.DatadocController">
		<property name="publishFacade" ref="publishFacade" />
		<property name="jaxb2Marshaller" ref="jaxb2Marshaller" />
		<property name="methodNameResolver">
			<ref bean="paramResolverExt" />
		</property>
	</bean>

	<bean id="paramResolverExt"
		class="org.springframework.web.servlet.mvc.multiaction.ParameterMethodNameResolver">
		<property name="paramName">
			<value>do</value>
		</property>
	</bean>
</beans>