<WebHub>
	<page name="UserHome">
		<!--
			The message corresponding to text and tooltip keys have to be
			declared in message.properties file available under
			WEB-INF\classes\i18n\extension folder. The javascript file containing
			the handler method implementation should be placed in js/extension
			folder.
			
			The workspace toolbar items can be reused by using the following ids:
			Functionality			: Item Id
			***********************************************
			Create New Asset		: create-new-asset 
			Checkout Asset			: show-check-out 
			Checkin Asset			: checkin
			Checkin New Asset		: checkin-other
			Get Asset 				: get-menu-btn 
			New Search 				: new-search-btn 
			Edit Attributes 		: show-edit-attributes 
			Asset Preview 			: show-Asset-Preview
			Duplicate Asset 		: duplicate-asset
			Delete Asset 			: delete-asset
			View Asset Revisions	: view-revisions
			Show Asset Attachment	: Info 	attachment-info
		-->
		<taskpane>
			<plugin id="workspace-plugin">
				<toolbar>
					<menu-item id="dataDocMenu" text="dataDoc_Label" handler="DataDocDlg.showDialog" />
					<!--
						Add buttons into the workspace toolbar here. To add the button in the
						context menu, set value for addToContextMenu to true, otherwise set to
						false.
					-->
					<!--
						<button id="uniqueIdOftheButton" text="labelKey" tooltip="tooltipKey"
							addToContextMenu="true/false" handler="nameOfHandlerFunction"
							icon="PathToIconImage" />
					-->
					
					<!--
						Add sub-menu or menu-items into the default new button menu of home page. Provide
						id, text and handler as mandatory attributes of the menu items. You can add a
						menu item to default menu using <menu-item> element. You can also add a sub-menu under
						default menu using the <menu> element. You can further define menu-items under your menu
					-->
					
					<!-- <menu id="uniqueIdOfMenu" text="labelKey">
						<menu-item id="uniqueIdOfMenuItem" text="labelKey" handler="nameOfHandlerFunction"/>
					</menu> -->
				</toolbar>
			</plugin>

			<!-- Add plug-ins into QPS WebHub here. -->
			<!--
				<plugin id="uniqueIdOftheButton" text="pluginName"
					icon="PathToPluginIconImage"
					navigationPanelId="DivIdForPluginNavigationPanel"
					mainLayoutId="DivIdForPluginMainLayoutPanel"> 
					<toolbar> 
						<button	id="uniqueIdOftheButton" text="labelKey" 
							tooltip="tooltipKey" handler="nameOfHandlerFunction" icon="PathToIconImage" />
						
						To reuse buttons:
						<button	id="idOfTheButtonToBeReused"/>  
					</toolbar>
					
				</plugin>
			-->
		</taskpane>
	</page>
</WebHub>
